period,basis,segment,line_item,value_usd_m_(EPS_in_$),source
Q1-2023,reported_3M,Aviation Leasing,Lease income,48.83,2024-04-26 10-Q acc 0001590364-24-000011 acc 0001590364-24-000011 segment note (Note: Segment Information) (3M)
Q1-2023,reported_3M,Aerospace Products,Lease income,0.0,2024-04-26 10-Q acc 0001590364-24-000011 acc 0001590364-24-000011 segment note (Note: Segment Information) (3M)
Q1-2023,reported_3M,Corporate and Other,Lease income,7.148,2024-04-26 10-Q acc 0001590364-24-000011 acc 0001590364-24-000011 segment note (Note: Segment Information) (3M)
Q1-2023,reported_3M,Total,Lease income,55.978,2024-04-26 10-Q acc 0001590364-24-000011 acc 0001590364-24-000011 segment note (Note: Segment Information) (3M)
Q1-2023,reported_3M,Aviation Leasing,Maintenance revenue,35.141,2024-04-26 10-Q acc 0001590364-24-000011 acc 0001590364-24-000011 segment note (Note: Segment Information) (3M)
Q1-2023,reported_3M,Aerospace Products,Maintenance revenue,0.0,2024-04-26 10-Q acc 0001590364-24-000011 acc 0001590364-24-000011 segment note (Note: Segment Information) (3M)
Q1-2023,reported_3M,Corporate and Other,Maintenance revenue,0.0,2024-04-26 10-Q acc 0001590364-24-000011 acc 0001590364-24-000011 segment note (Note: Segment Information) (3M)
Q1-2023,reported_3M,Total,Maintenance revenue,35.141,2024-04-26 10-Q acc 0001590364-24-000011 acc 0001590364-24-000011 segment note (Note: Segment Information) (3M)
Q1-2023,reported_3M,Aviation Leasing,Asset sales revenue,108.691,2024-04-26 10-Q acc 0001590364-24-000011 acc 0001590364-24-000011 segment note (Note: Segment Information) (3M)
Q1-2023,reported_3M,Aerospace Products,Asset sales revenue,0.0,2024-04-26 10-Q acc 0001590364-24-000011 acc 0001590364-24-000011 segment note (Note: Segment Information) (3M)
Q1-2023,reported_3M,Corporate and Other,Asset sales revenue,0.0,2024-04-26 10-Q acc 0001590364-24-000011 acc 0001590364-24-000011 segment note (Note: Segment Information) (3M)
Q1-2023,reported_3M,Total,Asset sales revenue,108.691,2024-04-26 10-Q acc 0001590364-24-000011 acc 0001590364-24-000011 segment note (Note: Segment Information) (3M)
Q1-2023,reported_3M,Aviation Leasing,Aerospace products revenue,0.0,2024-04-26 10-Q acc 0001590364-24-000011 acc 0001590364-24-000011 segment note (Note: Segment Information) (3M)
Q1-2023,reported_3M,Aerospace Products,Aerospace products revenue,85.113,2024-04-26 10-Q acc 0001590364-24-000011 acc 0001590364-24-000011 segment note (Note: Segment Information) (3M)
Q1-2023,reported_3M,Corporate and Other,Aerospace products revenue,0.0,2024-04-26 10-Q acc 0001590364-24-000011 acc 0001590364-24-000011 segment note (Note: Segment Information) (3M)
Q1-2023,reported_3M,Total,Aerospace products revenue,85.113,2024-04-26 10-Q acc 0001590364-24-000011 acc 0001590364-24-000011 segment note (Note: Segment Information) (3M)
Q1-2023,reported_3M,Aviation Leasing,Other revenue,6.378,2024-04-26 10-Q acc 0001590364-24-000011 acc 0001590364-24-000011 segment note (Note: Segment Information) (3M)
Q1-2023,reported_3M,Aerospace Products,Other revenue,0.0,2024-04-26 10-Q acc 0001590364-24-000011 acc 0001590364-24-000011 segment note (Note: Segment Information) (3M)
Q1-2023,reported_3M,Corporate and Other,Other revenue,1.417,2024-04-26 10-Q acc 0001590364-24-000011 acc 0001590364-24-000011 segment note (Note: Segment Information) (3M)
Q1-2023,reported_3M,Total,Other revenue,7.795,2024-04-26 10-Q acc 0001590364-24-000011 acc 0001590364-24-000011 segment note (Note: Segment Information) (3M)
Q1-2023,reported_3M,Aviation Leasing,Total revenues,199.04,2024-04-26 10-Q acc 0001590364-24-000011 acc 0001590364-24-000011 segment note (Note: Segment Information) (3M)
Q1-2023,reported_3M,Aerospace Products,Total revenues,85.113,2024-04-26 10-Q acc 0001590364-24-000011 acc 0001590364-24-000011 segment note (Note: Segment Information) (3M)
Q1-2023,reported_3M,Corporate and Other,Total revenues,8.565,2024-04-26 10-Q acc 0001590364-24-000011 acc 0001590364-24-000011 segment note (Note: Segment Information) (3M)
Q1-2023,reported_3M,Total,Total revenues,292.718,2024-04-26 10-Q acc 0001590364-24-000011 acc 0001590364-24-000011 segment note (Note: Segment Information) (3M)
Q1-2023,reported_3M,Aviation Leasing,Cost of sales,92.234,2024-04-26 10-Q acc 0001590364-24-000011 acc 0001590364-24-000011 segment note (Note: Segment Information) (3M)
Q1-2023,reported_3M,Aerospace Products,Cost of sales,53.436,2024-04-26 10-Q acc 0001590364-24-000011 acc 0001590364-24-000011 segment note (Note: Segment Information) (3M)
Q1-2023,reported_3M,Corporate and Other,Cost of sales,0.0,2024-04-26 10-Q acc 0001590364-24-000011 acc 0001590364-24-000011 segment note (Note: Segment Information) (3M)
Q1-2023,reported_3M,Total,Cost of sales,145.67,2024-04-26 10-Q acc 0001590364-24-000011 acc 0001590364-24-000011 segment note (Note: Segment Information) (3M)
Q1-2023,reported_3M,Aviation Leasing,Operating expenses,7.088,2024-04-26 10-Q acc 0001590364-24-000011 acc 0001590364-24-000011 segment note (Note: Segment Information) (3M)
Q1-2023,reported_3M,Aerospace Products,Operating expenses,3.655,2024-04-26 10-Q acc 0001590364-24-000011 acc 0001590364-24-000011 segment note (Note: Segment Information) (3M)
Q1-2023,reported_3M,Corporate and Other,Operating expenses,11.791,2024-04-26 10-Q acc 0001590364-24-000011 acc 0001590364-24-000011 segment note (Note: Segment Information) (3M)
Q1-2023,reported_3M,Total,Operating expenses,22.534,2024-04-26 10-Q acc 0001590364-24-000011 acc 0001590364-24-000011 segment note (Note: Segment Information) (3M)
Q1-2023,reported_3M,Aviation Leasing,General and administrative,0.0,2024-04-26 10-Q acc 0001590364-24-000011 acc 0001590364-24-000011 segment note (Note: Segment Information) (3M)
Q1-2023,reported_3M,Aerospace Products,General and administrative,0.0,2024-04-26 10-Q acc 0001590364-24-000011 acc 0001590364-24-000011 segment note (Note: Segment Information) (3M)
Q1-2023,reported_3M,Corporate and Other,General and administrative,4.067,2024-04-26 10-Q acc 0001590364-24-000011 acc 0001590364-24-000011 segment note (Note: Segment Information) (3M)
Q1-2023,reported_3M,Total,General and administrative,4.067,2024-04-26 10-Q acc 0001590364-24-000011 acc 0001590364-24-000011 segment note (Note: Segment Information) (3M)
Q1-2023,reported_3M,Aviation Leasing,Acquisition and transaction expenses,1.462,2024-04-26 10-Q acc 0001590364-24-000011 acc 0001590364-24-000011 segment note (Note: Segment Information) (3M)
Q1-2023,reported_3M,Aerospace Products,Acquisition and transaction expenses,0.755,2024-04-26 10-Q acc 0001590364-24-000011 acc 0001590364-24-000011 segment note (Note: Segment Information) (3M)
Q1-2023,reported_3M,Corporate and Other,Acquisition and transaction expenses,1.045,2024-04-26 10-Q acc 0001590364-24-000011 acc 0001590364-24-000011 segment note (Note: Segment Information) (3M)
Q1-2023,reported_3M,Total,Acquisition and transaction expenses,3.262,2024-04-26 10-Q acc 0001590364-24-000011 acc 0001590364-24-000011 segment note (Note: Segment Information) (3M)
Q1-2023,reported_3M,Aviation Leasing,Management fees and incentive allocation to affiliate,0.0,2024-04-26 10-Q acc 0001590364-24-000011 acc 0001590364-24-000011 segment note (Note: Segment Information) (3M)
Q1-2023,reported_3M,Aerospace Products,Management fees and incentive allocation to affiliate,0.0,2024-04-26 10-Q acc 0001590364-24-000011 acc 0001590364-24-000011 segment note (Note: Segment Information) (3M)
Q1-2023,reported_3M,Corporate and Other,Management fees and incentive allocation to affiliate,2.997,2024-04-26 10-Q acc 0001590364-24-000011 acc 0001590364-24-000011 segment note (Note: Segment Information) (3M)
Q1-2023,reported_3M,Total,Management fees and incentive allocation to affiliate,2.997,2024-04-26 10-Q acc 0001590364-24-000011 acc 0001590364-24-000011 segment note (Note: Segment Information) (3M)
Q1-2023,reported_3M,Aviation Leasing,Depreciation and amortization,38.14,2024-04-26 10-Q acc 0001590364-24-000011 acc 0001590364-24-000011 segment note (Note: Segment Information) (3M)
Q1-2023,reported_3M,Aerospace Products,Depreciation and amortization,0.086,2024-04-26 10-Q acc 0001590364-24-000011 acc 0001590364-24-000011 segment note (Note: Segment Information) (3M)
Q1-2023,reported_3M,Corporate and Other,Depreciation and amortization,2.7,2024-04-26 10-Q acc 0001590364-24-000011 acc 0001590364-24-000011 segment note (Note: Segment Information) (3M)
Q1-2023,reported_3M,Total,Depreciation and amortization,40.926,2024-04-26 10-Q acc 0001590364-24-000011 acc 0001590364-24-000011 segment note (Note: Segment Information) (3M)
Q1-2023,reported_3M,Aviation Leasing,Asset impairment,1.22,2024-04-26 10-Q acc 0001590364-24-000011 acc 0001590364-24-000011 segment note (Note: Segment Information) (3M)
Q1-2023,reported_3M,Aerospace Products,Asset impairment,0.0,2024-04-26 10-Q acc 0001590364-24-000011 acc 0001590364-24-000011 segment note (Note: Segment Information) (3M)
Q1-2023,reported_3M,Corporate and Other,Asset impairment,0.0,2024-04-26 10-Q acc 0001590364-24-000011 acc 0001590364-24-000011 segment note (Note: Segment Information) (3M)
Q1-2023,reported_3M,Total,Asset impairment,1.22,2024-04-26 10-Q acc 0001590364-24-000011 acc 0001590364-24-000011 segment note (Note: Segment Information) (3M)
Q1-2023,reported_3M,Aviation Leasing,Interest expense,0.0,2024-04-26 10-Q acc 0001590364-24-000011 acc 0001590364-24-000011 segment note (Note: Segment Information) (3M)
Q1-2023,reported_3M,Aerospace Products,Interest expense,0.0,2024-04-26 10-Q acc 0001590364-24-000011 acc 0001590364-24-000011 segment note (Note: Segment Information) (3M)
Q1-2023,reported_3M,Corporate and Other,Interest expense,39.292,2024-04-26 10-Q acc 0001590364-24-000011 acc 0001590364-24-000011 segment note (Note: Segment Information) (3M)
Q1-2023,reported_3M,Total,Interest expense,39.292,2024-04-26 10-Q acc 0001590364-24-000011 acc 0001590364-24-000011 segment note (Note: Segment Information) (3M)
Q1-2023,reported_3M,Aviation Leasing,Total expenses,140.144,2024-04-26 10-Q acc 0001590364-24-000011 acc 0001590364-24-000011 segment note (Note: Segment Information) (3M)
Q1-2023,reported_3M,Aerospace Products,Total expenses,57.932,2024-04-26 10-Q acc 0001590364-24-000011 acc 0001590364-24-000011 segment note (Note: Segment Information) (3M)
Q1-2023,reported_3M,Corporate and Other,Total expenses,61.892,2024-04-26 10-Q acc 0001590364-24-000011 acc 0001590364-24-000011 segment note (Note: Segment Information) (3M)
Q1-2023,reported_3M,Total,Total expenses,259.968,2024-04-26 10-Q acc 0001590364-24-000011 acc 0001590364-24-000011 segment note (Note: Segment Information) (3M)
Q1-2023,reported_3M,Aviation Leasing,Equity in losses of unconsolidated entities,-0.099,2024-04-26 10-Q acc 0001590364-24-000011 acc 0001590364-24-000011 segment note (Note: Segment Information) (3M)
Q1-2023,reported_3M,Aerospace Products,Equity in losses of unconsolidated entities,-1.236,2024-04-26 10-Q acc 0001590364-24-000011 acc 0001590364-24-000011 segment note (Note: Segment Information) (3M)
Q1-2023,reported_3M,Corporate and Other,Equity in losses of unconsolidated entities,0.0,2024-04-26 10-Q acc 0001590364-24-000011 acc 0001590364-24-000011 segment note (Note: Segment Information) (3M)
Q1-2023,reported_3M,Total,Equity in losses of unconsolidated entities,-1.335,2024-04-26 10-Q acc 0001590364-24-000011 acc 0001590364-24-000011 segment note (Note: Segment Information) (3M)
Q1-2023,reported_3M,Aviation Leasing,Other income,0.008,2024-04-26 10-Q acc 0001590364-24-000011 acc 0001590364-24-000011 segment note (Note: Segment Information) (3M)
Q1-2023,reported_3M,Aerospace Products,Other income,0.0,2024-04-26 10-Q acc 0001590364-24-000011 acc 0001590364-24-000011 segment note (Note: Segment Information) (3M)
Q1-2023,reported_3M,Corporate and Other,Other income,0.0,2024-04-26 10-Q acc 0001590364-24-000011 acc 0001590364-24-000011 segment note (Note: Segment Information) (3M)
Q1-2023,reported_3M,Total,Other income,0.008,2024-04-26 10-Q acc 0001590364-24-000011 acc 0001590364-24-000011 segment note (Note: Segment Information) (3M)
Q1-2023,reported_3M,Aviation Leasing,Total other expense,-0.091,2024-04-26 10-Q acc 0001590364-24-000011 acc 0001590364-24-000011 segment note (Note: Segment Information) (3M)
Q1-2023,reported_3M,Aerospace Products,Total other expense,-1.236,2024-04-26 10-Q acc 0001590364-24-000011 acc 0001590364-24-000011 segment note (Note: Segment Information) (3M)
Q1-2023,reported_3M,Corporate and Other,Total other expense,0.0,2024-04-26 10-Q acc 0001590364-24-000011 acc 0001590364-24-000011 segment note (Note: Segment Information) (3M)
Q1-2023,reported_3M,Total,Total other expense,-1.327,2024-04-26 10-Q acc 0001590364-24-000011 acc 0001590364-24-000011 segment note (Note: Segment Information) (3M)
Q1-2023,reported_3M,Aviation Leasing,Income (loss) before income taxes,58.805,2024-04-26 10-Q acc 0001590364-24-000011 acc 0001590364-24-000011 segment note (Note: Segment Information) (3M)
Q1-2023,reported_3M,Aerospace Products,Income (loss) before income taxes,25.945,2024-04-26 10-Q acc 0001590364-24-000011 acc 0001590364-24-000011 segment note (Note: Segment Information) (3M)
Q1-2023,reported_3M,Corporate and Other,Income (loss) before income taxes,-53.327,2024-04-26 10-Q acc 0001590364-24-000011 acc 0001590364-24-000011 segment note (Note: Segment Information) (3M)
Q1-2023,reported_3M,Total,Income (loss) before income taxes,31.423,2024-04-26 10-Q acc 0001590364-24-000011 acc 0001590364-24-000011 segment note (Note: Segment Information) (3M)
Q1-2023,reported_3M,Aviation Leasing,Provision for income taxes,0.995,2024-04-26 10-Q acc 0001590364-24-000011 acc 0001590364-24-000011 segment note (Note: Segment Information) (3M)
Q1-2023,reported_3M,Aerospace Products,Provision for income taxes,0.916,2024-04-26 10-Q acc 0001590364-24-000011 acc 0001590364-24-000011 segment note (Note: Segment Information) (3M)
Q1-2023,reported_3M,Corporate and Other,Provision for income taxes,0.115,2024-04-26 10-Q acc 0001590364-24-000011 acc 0001590364-24-000011 segment note (Note: Segment Information) (3M)
Q1-2023,reported_3M,Total,Provision for income taxes,2.026,2024-04-26 10-Q acc 0001590364-24-000011 acc 0001590364-24-000011 segment note (Note: Segment Information) (3M)
Q1-2023,reported_3M,Aviation Leasing,Net income (loss),57.81,2024-04-26 10-Q acc 0001590364-24-000011 acc 0001590364-24-000011 segment note (Note: Segment Information) (3M)
Q1-2023,reported_3M,Aerospace Products,Net income (loss),25.029,2024-04-26 10-Q acc 0001590364-24-000011 acc 0001590364-24-000011 segment note (Note: Segment Information) (3M)
Q1-2023,reported_3M,Corporate and Other,Net income (loss),-53.442,2024-04-26 10-Q acc 0001590364-24-000011 acc 0001590364-24-000011 segment note (Note: Segment Information) (3M)
Q1-2023,reported_3M,Total,Net income (loss),29.397,2024-04-26 10-Q acc 0001590364-24-000011 acc 0001590364-24-000011 segment note (Note: Segment Information) (3M)
Q2-2023,reported_3M,Aviation Leasing,Lease income,48.167,2024-08-09 10-Q acc 0001590364-24-000016 acc 0001590364-24-000016 segment note (Note: Segment Information) (3M)
Q2-2023,reported_3M,Aerospace Products,Lease income,0.0,2024-08-09 10-Q acc 0001590364-24-000016 acc 0001590364-24-000016 segment note (Note: Segment Information) (3M)
Q2-2023,reported_3M,Corporate and Other,Lease income,11.374,2024-08-09 10-Q acc 0001590364-24-000016 acc 0001590364-24-000016 segment note (Note: Segment Information) (3M)
Q2-2023,reported_3M,Total,Lease income,59.541,2024-08-09 10-Q acc 0001590364-24-000016 acc 0001590364-24-000016 segment note (Note: Segment Information) (3M)
Q2-2023,reported_3M,Aviation Leasing,Maintenance revenue,42.065,2024-08-09 10-Q acc 0001590364-24-000016 acc 0001590364-24-000016 segment note (Note: Segment Information) (3M)
Q2-2023,reported_3M,Aerospace Products,Maintenance revenue,0.0,2024-08-09 10-Q acc 0001590364-24-000016 acc 0001590364-24-000016 segment note (Note: Segment Information) (3M)
Q2-2023,reported_3M,Corporate and Other,Maintenance revenue,0.0,2024-08-09 10-Q acc 0001590364-24-000016 acc 0001590364-24-000016 segment note (Note: Segment Information) (3M)
Q2-2023,reported_3M,Total,Maintenance revenue,42.065,2024-08-09 10-Q acc 0001590364-24-000016 acc 0001590364-24-000016 segment note (Note: Segment Information) (3M)
Q2-2023,reported_3M,Aviation Leasing,Asset sales revenue,76.836,2024-08-09 10-Q acc 0001590364-24-000016 acc 0001590364-24-000016 segment note (Note: Segment Information) (3M)
Q2-2023,reported_3M,Aerospace Products,Asset sales revenue,0.0,2024-08-09 10-Q acc 0001590364-24-000016 acc 0001590364-24-000016 segment note (Note: Segment Information) (3M)
Q2-2023,reported_3M,Corporate and Other,Asset sales revenue,0.0,2024-08-09 10-Q acc 0001590364-24-000016 acc 0001590364-24-000016 segment note (Note: Segment Information) (3M)
Q2-2023,reported_3M,Total,Asset sales revenue,76.836,2024-08-09 10-Q acc 0001590364-24-000016 acc 0001590364-24-000016 segment note (Note: Segment Information) (3M)
Q2-2023,reported_3M,Aviation Leasing,Aerospace products revenue,0.0,2024-08-09 10-Q acc 0001590364-24-000016 acc 0001590364-24-000016 segment note (Note: Segment Information) (3M)
Q2-2023,reported_3M,Aerospace Products,Aerospace products revenue,92.725,2024-08-09 10-Q acc 0001590364-24-000016 acc 0001590364-24-000016 segment note (Note: Segment Information) (3M)
Q2-2023,reported_3M,Corporate and Other,Aerospace products revenue,0.0,2024-08-09 10-Q acc 0001590364-24-000016 acc 0001590364-24-000016 segment note (Note: Segment Information) (3M)
Q2-2023,reported_3M,Total,Aerospace products revenue,92.725,2024-08-09 10-Q acc 0001590364-24-000016 acc 0001590364-24-000016 segment note (Note: Segment Information) (3M)
Q2-2023,reported_3M,Aviation Leasing,Other revenue,0.313,2024-08-09 10-Q acc 0001590364-24-000016 acc 0001590364-24-000016 segment note (Note: Segment Information) (3M)
Q2-2023,reported_3M,Aerospace Products,Other revenue,0.0,2024-08-09 10-Q acc 0001590364-24-000016 acc 0001590364-24-000016 segment note (Note: Segment Information) (3M)
Q2-2023,reported_3M,Corporate and Other,Other revenue,2.865,2024-08-09 10-Q acc 0001590364-24-000016 acc 0001590364-24-000016 segment note (Note: Segment Information) (3M)
Q2-2023,reported_3M,Total,Other revenue,3.178,2024-08-09 10-Q acc 0001590364-24-000016 acc 0001590364-24-000016 segment note (Note: Segment Information) (3M)
Q2-2023,reported_3M,Aviation Leasing,Total revenues,167.381,2024-08-09 10-Q acc 0001590364-24-000016 acc 0001590364-24-000016 segment note (Note: Segment Information) (3M)
Q2-2023,reported_3M,Aerospace Products,Total revenues,92.725,2024-08-09 10-Q acc 0001590364-24-000016 acc 0001590364-24-000016 segment note (Note: Segment Information) (3M)
Q2-2023,reported_3M,Corporate and Other,Total revenues,14.239,2024-08-09 10-Q acc 0001590364-24-000016 acc 0001590364-24-000016 segment note (Note: Segment Information) (3M)
Q2-2023,reported_3M,Total,Total revenues,274.345,2024-08-09 10-Q acc 0001590364-24-000016 acc 0001590364-24-000016 segment note (Note: Segment Information) (3M)
Q2-2023,reported_3M,Aviation Leasing,Cost of sales,49.598,2024-08-09 10-Q acc 0001590364-24-000016 acc 0001590364-24-000016 segment note (Note: Segment Information) (3M)
Q2-2023,reported_3M,Aerospace Products,Cost of sales,54.934,2024-08-09 10-Q acc 0001590364-24-000016 acc 0001590364-24-000016 segment note (Note: Segment Information) (3M)
Q2-2023,reported_3M,Corporate and Other,Cost of sales,0.0,2024-08-09 10-Q acc 0001590364-24-000016 acc 0001590364-24-000016 segment note (Note: Segment Information) (3M)
Q2-2023,reported_3M,Total,Cost of sales,104.532,2024-08-09 10-Q acc 0001590364-24-000016 acc 0001590364-24-000016 segment note (Note: Segment Information) (3M)
Q2-2023,reported_3M,Aviation Leasing,Operating expenses,7.578,2024-08-09 10-Q acc 0001590364-24-000016 acc 0001590364-24-000016 segment note (Note: Segment Information) (3M)
Q2-2023,reported_3M,Aerospace Products,Operating expenses,3.236,2024-08-09 10-Q acc 0001590364-24-000016 acc 0001590364-24-000016 segment note (Note: Segment Information) (3M)
Q2-2023,reported_3M,Corporate and Other,Operating expenses,13.983,2024-08-09 10-Q acc 0001590364-24-000016 acc 0001590364-24-000016 segment note (Note: Segment Information) (3M)
Q2-2023,reported_3M,Total,Operating expenses,24.797,2024-08-09 10-Q acc 0001590364-24-000016 acc 0001590364-24-000016 segment note (Note: Segment Information) (3M)
Q2-2023,reported_3M,Aviation Leasing,General and administrative,0.0,2024-08-09 10-Q acc 0001590364-24-000016 acc 0001590364-24-000016 segment note (Note: Segment Information) (3M)
Q2-2023,reported_3M,Aerospace Products,General and administrative,0.0,2024-08-09 10-Q acc 0001590364-24-000016 acc 0001590364-24-000016 segment note (Note: Segment Information) (3M)
Q2-2023,reported_3M,Corporate and Other,General and administrative,3.188,2024-08-09 10-Q acc 0001590364-24-000016 acc 0001590364-24-000016 segment note (Note: Segment Information) (3M)
Q2-2023,reported_3M,Total,General and administrative,3.188,2024-08-09 10-Q acc 0001590364-24-000016 acc 0001590364-24-000016 segment note (Note: Segment Information) (3M)
Q2-2023,reported_3M,Aviation Leasing,Acquisition and transaction expenses,1.169,2024-08-09 10-Q acc 0001590364-24-000016 acc 0001590364-24-000016 segment note (Note: Segment Information) (3M)
Q2-2023,reported_3M,Aerospace Products,Acquisition and transaction expenses,0.272,2024-08-09 10-Q acc 0001590364-24-000016 acc 0001590364-24-000016 segment note (Note: Segment Information) (3M)
Q2-2023,reported_3M,Corporate and Other,Acquisition and transaction expenses,1.231,2024-08-09 10-Q acc 0001590364-24-000016 acc 0001590364-24-000016 segment note (Note: Segment Information) (3M)
Q2-2023,reported_3M,Total,Acquisition and transaction expenses,2.672,2024-08-09 10-Q acc 0001590364-24-000016 acc 0001590364-24-000016 segment note (Note: Segment Information) (3M)
Q2-2023,reported_3M,Aviation Leasing,Management fees and incentive allocation to affiliate,0.0,2024-08-09 10-Q acc 0001590364-24-000016 acc 0001590364-24-000016 segment note (Note: Segment Information) (3M)
Q2-2023,reported_3M,Aerospace Products,Management fees and incentive allocation to affiliate,0.0,2024-08-09 10-Q acc 0001590364-24-000016 acc 0001590364-24-000016 segment note (Note: Segment Information) (3M)
Q2-2023,reported_3M,Corporate and Other,Management fees and incentive allocation to affiliate,5.563,2024-08-09 10-Q acc 0001590364-24-000016 acc 0001590364-24-000016 segment note (Note: Segment Information) (3M)
Q2-2023,reported_3M,Total,Management fees and incentive allocation to affiliate,5.563,2024-08-09 10-Q acc 0001590364-24-000016 acc 0001590364-24-000016 segment note (Note: Segment Information) (3M)
Q2-2023,reported_3M,Aviation Leasing,Depreciation and amortization,35.713,2024-08-09 10-Q acc 0001590364-24-000016 acc 0001590364-24-000016 segment note (Note: Segment Information) (3M)
Q2-2023,reported_3M,Aerospace Products,Depreciation and amortization,0.097,2024-08-09 10-Q acc 0001590364-24-000016 acc 0001590364-24-000016 segment note (Note: Segment Information) (3M)
Q2-2023,reported_3M,Corporate and Other,Depreciation and amortization,2.704,2024-08-09 10-Q acc 0001590364-24-000016 acc 0001590364-24-000016 segment note (Note: Segment Information) (3M)
Q2-2023,reported_3M,Total,Depreciation and amortization,38.514,2024-08-09 10-Q acc 0001590364-24-000016 acc 0001590364-24-000016 segment note (Note: Segment Information) (3M)
Q2-2023,reported_3M,Aviation Leasing,Interest expense,0.0,2024-08-09 10-Q acc 0001590364-24-000016 acc 0001590364-24-000016 segment note (Note: Segment Information) (3M)
Q2-2023,reported_3M,Aerospace Products,Interest expense,0.0,2024-08-09 10-Q acc 0001590364-24-000016 acc 0001590364-24-000016 segment note (Note: Segment Information) (3M)
Q2-2023,reported_3M,Corporate and Other,Interest expense,38.499,2024-08-09 10-Q acc 0001590364-24-000016 acc 0001590364-24-000016 segment note (Note: Segment Information) (3M)
Q2-2023,reported_3M,Total,Interest expense,38.499,2024-08-09 10-Q acc 0001590364-24-000016 acc 0001590364-24-000016 segment note (Note: Segment Information) (3M)
Q2-2023,reported_3M,Aviation Leasing,Total expenses,94.058,2024-08-09 10-Q acc 0001590364-24-000016 acc 0001590364-24-000016 segment note (Note: Segment Information) (3M)
Q2-2023,reported_3M,Aerospace Products,Total expenses,58.539,2024-08-09 10-Q acc 0001590364-24-000016 acc 0001590364-24-000016 segment note (Note: Segment Information) (3M)
Q2-2023,reported_3M,Corporate and Other,Total expenses,65.168,2024-08-09 10-Q acc 0001590364-24-000016 acc 0001590364-24-000016 segment note (Note: Segment Information) (3M)
Q2-2023,reported_3M,Total,Total expenses,217.765,2024-08-09 10-Q acc 0001590364-24-000016 acc 0001590364-24-000016 segment note (Note: Segment Information) (3M)
Q2-2023,reported_3M,Aviation Leasing,Equity in losses of unconsolidated entities,-0.035,2024-08-09 10-Q acc 0001590364-24-000016 acc 0001590364-24-000016 segment note (Note: Segment Information) (3M)
Q2-2023,reported_3M,Aerospace Products,Equity in losses of unconsolidated entities,-0.345,2024-08-09 10-Q acc 0001590364-24-000016 acc 0001590364-24-000016 segment note (Note: Segment Information) (3M)
Q2-2023,reported_3M,Corporate and Other,Equity in losses of unconsolidated entities,0.0,2024-08-09 10-Q acc 0001590364-24-000016 acc 0001590364-24-000016 segment note (Note: Segment Information) (3M)
Q2-2023,reported_3M,Total,Equity in losses of unconsolidated entities,-0.38,2024-08-09 10-Q acc 0001590364-24-000016 acc 0001590364-24-000016 segment note (Note: Segment Information) (3M)
Q2-2023,reported_3M,Aviation Leasing,Other income,0.408,2024-08-09 10-Q acc 0001590364-24-000016 acc 0001590364-24-000016 segment note (Note: Segment Information) (3M)
Q2-2023,reported_3M,Aerospace Products,Other income,0.0,2024-08-09 10-Q acc 0001590364-24-000016 acc 0001590364-24-000016 segment note (Note: Segment Information) (3M)
Q2-2023,reported_3M,Corporate and Other,Other income,0.0,2024-08-09 10-Q acc 0001590364-24-000016 acc 0001590364-24-000016 segment note (Note: Segment Information) (3M)
Q2-2023,reported_3M,Total,Other income,0.408,2024-08-09 10-Q acc 0001590364-24-000016 acc 0001590364-24-000016 segment note (Note: Segment Information) (3M)
Q2-2023,reported_3M,Aviation Leasing,Total other income (expense),0.373,2024-08-09 10-Q acc 0001590364-24-000016 acc 0001590364-24-000016 segment note (Note: Segment Information) (3M)
Q2-2023,reported_3M,Aerospace Products,Total other income (expense),-0.345,2024-08-09 10-Q acc 0001590364-24-000016 acc 0001590364-24-000016 segment note (Note: Segment Information) (3M)
Q2-2023,reported_3M,Corporate and Other,Total other income (expense),0.0,2024-08-09 10-Q acc 0001590364-24-000016 acc 0001590364-24-000016 segment note (Note: Segment Information) (3M)
Q2-2023,reported_3M,Total,Total other income (expense),0.028,2024-08-09 10-Q acc 0001590364-24-000016 acc 0001590364-24-000016 segment note (Note: Segment Information) (3M)
Q2-2023,reported_3M,Aviation Leasing,Income (loss) before income taxes,73.696,2024-08-09 10-Q acc 0001590364-24-000016 acc 0001590364-24-000016 segment note (Note: Segment Information) (3M)
Q2-2023,reported_3M,Aerospace Products,Income (loss) before income taxes,33.841,2024-08-09 10-Q acc 0001590364-24-000016 acc 0001590364-24-000016 segment note (Note: Segment Information) (3M)
Q2-2023,reported_3M,Corporate and Other,Income (loss) before income taxes,-50.929,2024-08-09 10-Q acc 0001590364-24-000016 acc 0001590364-24-000016 segment note (Note: Segment Information) (3M)
Q2-2023,reported_3M,Total,Income (loss) before income taxes,56.608,2024-08-09 10-Q acc 0001590364-24-000016 acc 0001590364-24-000016 segment note (Note: Segment Information) (3M)
Q2-2023,reported_3M,Aviation Leasing,Provision for income taxes,1.087,2024-08-09 10-Q acc 0001590364-24-000016 acc 0001590364-24-000016 segment note (Note: Segment Information) (3M)
Q2-2023,reported_3M,Aerospace Products,Provision for income taxes,0.584,2024-08-09 10-Q acc 0001590364-24-000016 acc 0001590364-24-000016 segment note (Note: Segment Information) (3M)
Q2-2023,reported_3M,Corporate and Other,Provision for income taxes,0.184,2024-08-09 10-Q acc 0001590364-24-000016 acc 0001590364-24-000016 segment note (Note: Segment Information) (3M)
Q2-2023,reported_3M,Total,Provision for income taxes,1.855,2024-08-09 10-Q acc 0001590364-24-000016 acc 0001590364-24-000016 segment note (Note: Segment Information) (3M)
Q2-2023,reported_3M,Aviation Leasing,Net income (loss),72.609,2024-08-09 10-Q acc 0001590364-24-000016 acc 0001590364-24-000016 segment note (Note: Segment Information) (3M)
Q2-2023,reported_3M,Aerospace Products,Net income (loss),33.257,2024-08-09 10-Q acc 0001590364-24-000016 acc 0001590364-24-000016 segment note (Note: Segment Information) (3M)
Q2-2023,reported_3M,Corporate and Other,Net income (loss),-51.113,2024-08-09 10-Q acc 0001590364-24-000016 acc 0001590364-24-000016 segment note (Note: Segment Information) (3M)
Q2-2023,reported_3M,Total,Net income (loss),54.753,2024-08-09 10-Q acc 0001590364-24-000016 acc 0001590364-24-000016 segment note (Note: Segment Information) (3M)
Q3-2023,reported_3M,Aviation Leasing,Lease income,35.981,2024-11-12 10-Q acc 0001590364-24-000021 acc 0001590364-24-000021 segment note (Note: Segment Information) (3M)
Q3-2023,reported_3M,Aerospace Products,Lease income,0.0,2024-11-12 10-Q acc 0001590364-24-000021 acc 0001590364-24-000021 segment note (Note: Segment Information) (3M)
Q3-2023,reported_3M,Corporate and Other,Lease income,9.641,2024-11-12 10-Q acc 0001590364-24-000021 acc 0001590364-24-000021 segment note (Note: Segment Information) (3M)
Q3-2023,reported_3M,Total,Lease income,45.622,2024-11-12 10-Q acc 0001590364-24-000021 acc 0001590364-24-000021 segment note (Note: Segment Information) (3M)
Q3-2023,reported_3M,Aviation Leasing,Maintenance revenue,63.925,2024-11-12 10-Q acc 0001590364-24-000021 acc 0001590364-24-000021 segment note (Note: Segment Information) (3M)
Q3-2023,reported_3M,Aerospace Products,Maintenance revenue,0.0,2024-11-12 10-Q acc 0001590364-24-000021 acc 0001590364-24-000021 segment note (Note: Segment Information) (3M)
Q3-2023,reported_3M,Corporate and Other,Maintenance revenue,0.0,2024-11-12 10-Q acc 0001590364-24-000021 acc 0001590364-24-000021 segment note (Note: Segment Information) (3M)
Q3-2023,reported_3M,Total,Maintenance revenue,63.925,2024-11-12 10-Q acc 0001590364-24-000021 acc 0001590364-24-000021 segment note (Note: Segment Information) (3M)
Q3-2023,reported_3M,Aviation Leasing,Asset sales revenue,61.4,2024-11-12 10-Q acc 0001590364-24-000021 acc 0001590364-24-000021 segment note (Note: Segment Information) (3M)
Q3-2023,reported_3M,Aerospace Products,Asset sales revenue,0.0,2024-11-12 10-Q acc 0001590364-24-000021 acc 0001590364-24-000021 segment note (Note: Segment Information) (3M)
Q3-2023,reported_3M,Corporate and Other,Asset sales revenue,0.0,2024-11-12 10-Q acc 0001590364-24-000021 acc 0001590364-24-000021 segment note (Note: Segment Information) (3M)
Q3-2023,reported_3M,Total,Asset sales revenue,61.4,2024-11-12 10-Q acc 0001590364-24-000021 acc 0001590364-24-000021 segment note (Note: Segment Information) (3M)
Q3-2023,reported_3M,Aviation Leasing,Aerospace products revenue,0.0,2024-11-12 10-Q acc 0001590364-24-000021 acc 0001590364-24-000021 segment note (Note: Segment Information) (3M)
Q3-2023,reported_3M,Aerospace Products,Aerospace products revenue,118.675,2024-11-12 10-Q acc 0001590364-24-000021 acc 0001590364-24-000021 segment note (Note: Segment Information) (3M)
Q3-2023,reported_3M,Corporate and Other,Aerospace products revenue,0.0,2024-11-12 10-Q acc 0001590364-24-000021 acc 0001590364-24-000021 segment note (Note: Segment Information) (3M)
Q3-2023,reported_3M,Total,Aerospace products revenue,118.675,2024-11-12 10-Q acc 0001590364-24-000021 acc 0001590364-24-000021 segment note (Note: Segment Information) (3M)
Q3-2023,reported_3M,Aviation Leasing,Other revenue,0.082,2024-11-12 10-Q acc 0001590364-24-000021 acc 0001590364-24-000021 segment note (Note: Segment Information) (3M)
Q3-2023,reported_3M,Aerospace Products,Other revenue,0.0,2024-11-12 10-Q acc 0001590364-24-000021 acc 0001590364-24-000021 segment note (Note: Segment Information) (3M)
Q3-2023,reported_3M,Corporate and Other,Other revenue,1.392,2024-11-12 10-Q acc 0001590364-24-000021 acc 0001590364-24-000021 segment note (Note: Segment Information) (3M)
Q3-2023,reported_3M,Total,Other revenue,1.474,2024-11-12 10-Q acc 0001590364-24-000021 acc 0001590364-24-000021 segment note (Note: Segment Information) (3M)
Q3-2023,reported_3M,Aviation Leasing,Total revenues,161.388,2024-11-12 10-Q acc 0001590364-24-000021 acc 0001590364-24-000021 segment note (Note: Segment Information) (3M)
Q3-2023,reported_3M,Aerospace Products,Total revenues,118.675,2024-11-12 10-Q acc 0001590364-24-000021 acc 0001590364-24-000021 segment note (Note: Segment Information) (3M)
Q3-2023,reported_3M,Corporate and Other,Total revenues,11.033,2024-11-12 10-Q acc 0001590364-24-000021 acc 0001590364-24-000021 segment note (Note: Segment Information) (3M)
Q3-2023,reported_3M,Total,Total revenues,291.096,2024-11-12 10-Q acc 0001590364-24-000021 acc 0001590364-24-000021 segment note (Note: Segment Information) (3M)
Q3-2023,reported_3M,Aviation Leasing,Cost of sales,46.511,2024-11-12 10-Q acc 0001590364-24-000021 acc 0001590364-24-000021 segment note (Note: Segment Information) (3M)
Q3-2023,reported_3M,Aerospace Products,Cost of sales,70.196,2024-11-12 10-Q acc 0001590364-24-000021 acc 0001590364-24-000021 segment note (Note: Segment Information) (3M)
Q3-2023,reported_3M,Corporate and Other,Cost of sales,0.0,2024-11-12 10-Q acc 0001590364-24-000021 acc 0001590364-24-000021 segment note (Note: Segment Information) (3M)
Q3-2023,reported_3M,Total,Cost of sales,116.707,2024-11-12 10-Q acc 0001590364-24-000021 acc 0001590364-24-000021 segment note (Note: Segment Information) (3M)
Q3-2023,reported_3M,Aviation Leasing,Operating expenses,13.944,2024-11-12 10-Q acc 0001590364-24-000021 acc 0001590364-24-000021 segment note (Note: Segment Information) (3M)
Q3-2023,reported_3M,Aerospace Products,Operating expenses,5.947,2024-11-12 10-Q acc 0001590364-24-000021 acc 0001590364-24-000021 segment note (Note: Segment Information) (3M)
Q3-2023,reported_3M,Corporate and Other,Operating expenses,13.996,2024-11-12 10-Q acc 0001590364-24-000021 acc 0001590364-24-000021 segment note (Note: Segment Information) (3M)
Q3-2023,reported_3M,Total,Operating expenses,33.887,2024-11-12 10-Q acc 0001590364-24-000021 acc 0001590364-24-000021 segment note (Note: Segment Information) (3M)
Q3-2023,reported_3M,Aviation Leasing,General and administrative,0.0,2024-11-12 10-Q acc 0001590364-24-000021 acc 0001590364-24-000021 segment note (Note: Segment Information) (3M)
Q3-2023,reported_3M,Aerospace Products,General and administrative,0.0,2024-11-12 10-Q acc 0001590364-24-000021 acc 0001590364-24-000021 segment note (Note: Segment Information) (3M)
Q3-2023,reported_3M,Corporate and Other,General and administrative,3.015,2024-11-12 10-Q acc 0001590364-24-000021 acc 0001590364-24-000021 segment note (Note: Segment Information) (3M)
Q3-2023,reported_3M,Total,General and administrative,3.015,2024-11-12 10-Q acc 0001590364-24-000021 acc 0001590364-24-000021 segment note (Note: Segment Information) (3M)
Q3-2023,reported_3M,Aviation Leasing,Acquisition and transaction expenses,2.329,2024-11-12 10-Q acc 0001590364-24-000021 acc 0001590364-24-000021 segment note (Note: Segment Information) (3M)
Q3-2023,reported_3M,Aerospace Products,Acquisition and transaction expenses,0.11,2024-11-12 10-Q acc 0001590364-24-000021 acc 0001590364-24-000021 segment note (Note: Segment Information) (3M)
Q3-2023,reported_3M,Corporate and Other,Acquisition and transaction expenses,1.822,2024-11-12 10-Q acc 0001590364-24-000021 acc 0001590364-24-000021 segment note (Note: Segment Information) (3M)
Q3-2023,reported_3M,Total,Acquisition and transaction expenses,4.261,2024-11-12 10-Q acc 0001590364-24-000021 acc 0001590364-24-000021 segment note (Note: Segment Information) (3M)
Q3-2023,reported_3M,Aviation Leasing,Management fees and incentive allocation to affiliate,0.0,2024-11-12 10-Q acc 0001590364-24-000021 acc 0001590364-24-000021 segment note (Note: Segment Information) (3M)
Q3-2023,reported_3M,Aerospace Products,Management fees and incentive allocation to affiliate,0.0,2024-11-12 10-Q acc 0001590364-24-000021 acc 0001590364-24-000021 segment note (Note: Segment Information) (3M)
Q3-2023,reported_3M,Corporate and Other,Management fees and incentive allocation to affiliate,4.577,2024-11-12 10-Q acc 0001590364-24-000021 acc 0001590364-24-000021 segment note (Note: Segment Information) (3M)
Q3-2023,reported_3M,Total,Management fees and incentive allocation to affiliate,4.577,2024-11-12 10-Q acc 0001590364-24-000021 acc 0001590364-24-000021 segment note (Note: Segment Information) (3M)
Q3-2023,reported_3M,Aviation Leasing,Depreciation and amortization,41.141,2024-11-12 10-Q acc 0001590364-24-000021 acc 0001590364-24-000021 segment note (Note: Segment Information) (3M)
Q3-2023,reported_3M,Aerospace Products,Depreciation and amortization,0.115,2024-11-12 10-Q acc 0001590364-24-000021 acc 0001590364-24-000021 segment note (Note: Segment Information) (3M)
Q3-2023,reported_3M,Corporate and Other,Depreciation and amortization,2.703,2024-11-12 10-Q acc 0001590364-24-000021 acc 0001590364-24-000021 segment note (Note: Segment Information) (3M)
Q3-2023,reported_3M,Total,Depreciation and amortization,43.959,2024-11-12 10-Q acc 0001590364-24-000021 acc 0001590364-24-000021 segment note (Note: Segment Information) (3M)
Q3-2023,reported_3M,Aviation Leasing,Total expenses,103.925,2024-11-12 10-Q acc 0001590364-24-000021 acc 0001590364-24-000021 segment note (Note: Segment Information) (3M)
Q3-2023,reported_3M,Aerospace Products,Total expenses,76.368,2024-11-12 10-Q acc 0001590364-24-000021 acc 0001590364-24-000021 segment note (Note: Segment Information) (3M)
Q3-2023,reported_3M,Corporate and Other,Total expenses,26.113,2024-11-12 10-Q acc 0001590364-24-000021 acc 0001590364-24-000021 segment note (Note: Segment Information) (3M)
Q3-2023,reported_3M,Total,Total expenses,206.406,2024-11-12 10-Q acc 0001590364-24-000021 acc 0001590364-24-000021 segment note (Note: Segment Information) (3M)
Q3-2023,reported_3M,Aviation Leasing,Equity in (losses) earnings of unconsolidated entities,-0.108,2024-11-12 10-Q acc 0001590364-24-000021 acc 0001590364-24-000021 segment note (Note: Segment Information) (3M)
Q3-2023,reported_3M,Aerospace Products,Equity in (losses) earnings of unconsolidated entities,0.154,2024-11-12 10-Q acc 0001590364-24-000021 acc 0001590364-24-000021 segment note (Note: Segment Information) (3M)
Q3-2023,reported_3M,Corporate and Other,Equity in (losses) earnings of unconsolidated entities,0.0,2024-11-12 10-Q acc 0001590364-24-000021 acc 0001590364-24-000021 segment note (Note: Segment Information) (3M)
Q3-2023,reported_3M,Total,Equity in (losses) earnings of unconsolidated entities,0.046,2024-11-12 10-Q acc 0001590364-24-000021 acc 0001590364-24-000021 segment note (Note: Segment Information) (3M)
Q3-2023,reported_3M,Aviation Leasing,Interest expense,0.0,2024-11-12 10-Q acc 0001590364-24-000021 acc 0001590364-24-000021 segment note (Note: Segment Information) (3M)
Q3-2023,reported_3M,Aerospace Products,Interest expense,0.0,2024-11-12 10-Q acc 0001590364-24-000021 acc 0001590364-24-000021 segment note (Note: Segment Information) (3M)
Q3-2023,reported_3M,Corporate and Other,Interest expense,40.185,2024-11-12 10-Q acc 0001590364-24-000021 acc 0001590364-24-000021 segment note (Note: Segment Information) (3M)
Q3-2023,reported_3M,Total,Interest expense,40.185,2024-11-12 10-Q acc 0001590364-24-000021 acc 0001590364-24-000021 segment note (Note: Segment Information) (3M)
Q3-2023,reported_3M,Aviation Leasing,Other income,0.444,2024-11-12 10-Q acc 0001590364-24-000021 acc 0001590364-24-000021 segment note (Note: Segment Information) (3M)
Q3-2023,reported_3M,Aerospace Products,Other income,0.0,2024-11-12 10-Q acc 0001590364-24-000021 acc 0001590364-24-000021 segment note (Note: Segment Information) (3M)
Q3-2023,reported_3M,Corporate and Other,Other income,0.017,2024-11-12 10-Q acc 0001590364-24-000021 acc 0001590364-24-000021 segment note (Note: Segment Information) (3M)
Q3-2023,reported_3M,Total,Other income,0.461,2024-11-12 10-Q acc 0001590364-24-000021 acc 0001590364-24-000021 segment note (Note: Segment Information) (3M)
Q3-2023,reported_3M,Aviation Leasing,Total other income (expense),0.336,2024-11-12 10-Q acc 0001590364-24-000021 acc 0001590364-24-000021 segment note (Note: Segment Information) (3M)
Q3-2023,reported_3M,Aerospace Products,Total other income (expense),0.154,2024-11-12 10-Q acc 0001590364-24-000021 acc 0001590364-24-000021 segment note (Note: Segment Information) (3M)
Q3-2023,reported_3M,Corporate and Other,Total other income (expense),-40.168,2024-11-12 10-Q acc 0001590364-24-000021 acc 0001590364-24-000021 segment note (Note: Segment Information) (3M)
Q3-2023,reported_3M,Total,Total other income (expense),-39.678,2024-11-12 10-Q acc 0001590364-24-000021 acc 0001590364-24-000021 segment note (Note: Segment Information) (3M)
Q3-2023,reported_3M,Aviation Leasing,Income (loss) before income taxes,57.799,2024-11-12 10-Q acc 0001590364-24-000021 acc 0001590364-24-000021 segment note (Note: Segment Information) (3M)
Q3-2023,reported_3M,Aerospace Products,Income (loss) before income taxes,42.461,2024-11-12 10-Q acc 0001590364-24-000021 acc 0001590364-24-000021 segment note (Note: Segment Information) (3M)
Q3-2023,reported_3M,Corporate and Other,Income (loss) before income taxes,-55.248,2024-11-12 10-Q acc 0001590364-24-000021 acc 0001590364-24-000021 segment note (Note: Segment Information) (3M)
Q3-2023,reported_3M,Total,Income (loss) before income taxes,45.012,2024-11-12 10-Q acc 0001590364-24-000021 acc 0001590364-24-000021 segment note (Note: Segment Information) (3M)
Q3-2023,reported_3M,Aviation Leasing,Provision for income taxes,2.332,2024-11-12 10-Q acc 0001590364-24-000021 acc 0001590364-24-000021 segment note (Note: Segment Information) (3M)
Q3-2023,reported_3M,Aerospace Products,Provision for income taxes,1.131,2024-11-12 10-Q acc 0001590364-24-000021 acc 0001590364-24-000021 segment note (Note: Segment Information) (3M)
Q3-2023,reported_3M,Corporate and Other,Provision for income taxes,0.242,2024-11-12 10-Q acc 0001590364-24-000021 acc 0001590364-24-000021 segment note (Note: Segment Information) (3M)
Q3-2023,reported_3M,Total,Provision for income taxes,3.705,2024-11-12 10-Q acc 0001590364-24-000021 acc 0001590364-24-000021 segment note (Note: Segment Information) (3M)
Q3-2023,reported_3M,Aviation Leasing,Net income (loss),55.467,2024-11-12 10-Q acc 0001590364-24-000021 acc 0001590364-24-000021 segment note (Note: Segment Information) (3M)
Q3-2023,reported_3M,Aerospace Products,Net income (loss),41.33,2024-11-12 10-Q acc 0001590364-24-000021 acc 0001590364-24-000021 segment note (Note: Segment Information) (3M)
Q3-2023,reported_3M,Corporate and Other,Net income (loss),-55.49,2024-11-12 10-Q acc 0001590364-24-000021 acc 0001590364-24-000021 segment note (Note: Segment Information) (3M)
Q3-2023,reported_3M,Total,Net income (loss),41.307,2024-11-12 10-Q acc 0001590364-24-000021 acc 0001590364-24-000021 segment note (Note: Segment Information) (3M)
Q4-2023,derived_FY_less_9M,Aerospace Products,Aerospace products revenue,158.457,FY from 2026-02-27 10-K acc 0001628280-26-012940 acc 0001628280-26-012940; 9M from 2024-11-12 10-Q acc 0001590364-24-000021 acc 0001590364-24-000021 (recast vintage)
Q4-2023,derived_FY_less_9M,Aviation Leasing,Aerospace products revenue,0.0,FY from 2026-02-27 10-K acc 0001628280-26-012940 acc 0001628280-26-012940; 9M from 2024-11-12 10-Q acc 0001590364-24-000021 acc 0001590364-24-000021 (recast vintage)
Q4-2023,derived_FY_less_9M,Corporate and Other,Aerospace products revenue,0.0,FY from 2026-02-27 10-K acc 0001628280-26-012940 acc 0001628280-26-012940; 9M from 2024-11-12 10-Q acc 0001590364-24-000021 acc 0001590364-24-000021 (recast vintage)
Q4-2023,derived_FY_less_9M,Total,Aerospace products revenue,158.457,FY from 2026-02-27 10-K acc 0001628280-26-012940 acc 0001628280-26-012940; 9M from 2024-11-12 10-Q acc 0001590364-24-000021 acc 0001590364-24-000021 (recast vintage)
Q4-2023,derived_FY_less_9M,Aerospace Products,Lease income,0.0,FY from 2026-02-27 10-K acc 0001628280-26-012940 acc 0001628280-26-012940; 9M from 2024-11-12 10-Q acc 0001590364-24-000021 acc 0001590364-24-000021 (recast vintage)
Q4-2023,derived_FY_less_9M,Aviation Leasing,Lease income,46.726,FY from 2026-02-27 10-K acc 0001628280-26-012940 acc 0001628280-26-012940; 9M from 2024-11-12 10-Q acc 0001590364-24-000021 acc 0001590364-24-000021 (recast vintage)
Q4-2023,derived_FY_less_9M,Corporate and Other,Lease income,0.069,FY from 2026-02-27 10-K acc 0001628280-26-012940 acc 0001628280-26-012940; 9M from 2024-11-12 10-Q acc 0001590364-24-000021 acc 0001590364-24-000021 (recast vintage)
Q4-2023,derived_FY_less_9M,Total,Lease income,46.795,FY from 2026-02-27 10-K acc 0001628280-26-012940 acc 0001628280-26-012940; 9M from 2024-11-12 10-Q acc 0001590364-24-000021 acc 0001590364-24-000021 (recast vintage)
Q4-2023,derived_FY_less_9M,Aerospace Products,Maintenance revenue,0.0,FY from 2026-02-27 10-K acc 0001628280-26-012940 acc 0001628280-26-012940; 9M from 2024-11-12 10-Q acc 0001590364-24-000021 acc 0001590364-24-000021 (recast vintage)
Q4-2023,derived_FY_less_9M,Aviation Leasing,Maintenance revenue,50.216,FY from 2026-02-27 10-K acc 0001628280-26-012940 acc 0001628280-26-012940; 9M from 2024-11-12 10-Q acc 0001590364-24-000021 acc 0001590364-24-000021 (recast vintage)
Q4-2023,derived_FY_less_9M,Corporate and Other,Maintenance revenue,0.0,FY from 2026-02-27 10-K acc 0001628280-26-012940 acc 0001628280-26-012940; 9M from 2024-11-12 10-Q acc 0001590364-24-000021 acc 0001590364-24-000021 (recast vintage)
Q4-2023,derived_FY_less_9M,Total,Maintenance revenue,50.216,FY from 2026-02-27 10-K acc 0001628280-26-012940 acc 0001628280-26-012940; 9M from 2024-11-12 10-Q acc 0001590364-24-000021 acc 0001590364-24-000021 (recast vintage)
Q4-2023,derived_FY_less_9M,Aerospace Products,Asset sales revenue,0.0,FY from 2026-02-27 10-K acc 0001628280-26-012940 acc 0001628280-26-012940; 9M from 2024-11-12 10-Q acc 0001590364-24-000021 acc 0001590364-24-000021 (recast vintage)
Q4-2023,derived_FY_less_9M,Aviation Leasing,Asset sales revenue,56.214,FY from 2026-02-27 10-K acc 0001628280-26-012940 acc 0001628280-26-012940; 9M from 2024-11-12 10-Q acc 0001590364-24-000021 acc 0001590364-24-000021 (recast vintage)
Q4-2023,derived_FY_less_9M,Corporate and Other,Asset sales revenue,0.0,FY from 2026-02-27 10-K acc 0001628280-26-012940 acc 0001628280-26-012940; 9M from 2024-11-12 10-Q acc 0001590364-24-000021 acc 0001590364-24-000021 (recast vintage)
Q4-2023,derived_FY_less_9M,Total,Asset sales revenue,56.214,FY from 2026-02-27 10-K acc 0001628280-26-012940 acc 0001628280-26-012940; 9M from 2024-11-12 10-Q acc 0001590364-24-000021 acc 0001590364-24-000021 (recast vintage)
Q4-2023,derived_FY_less_9M,Aerospace Products,Other revenue,0.0,FY from 2026-02-27 10-K acc 0001628280-26-012940 acc 0001628280-26-012940; 9M from 2024-11-12 10-Q acc 0001590364-24-000021 acc 0001590364-24-000021 (recast vintage)
Q4-2023,derived_FY_less_9M,Aviation Leasing,Other revenue,0.646,FY from 2026-02-27 10-K acc 0001628280-26-012940 acc 0001628280-26-012940; 9M from 2024-11-12 10-Q acc 0001590364-24-000021 acc 0001590364-24-000021 (recast vintage)
Q4-2023,derived_FY_less_9M,Corporate and Other,Other revenue,0.409,FY from 2026-02-27 10-K acc 0001628280-26-012940 acc 0001628280-26-012940; 9M from 2024-11-12 10-Q acc 0001590364-24-000021 acc 0001590364-24-000021 (recast vintage)
Q4-2023,derived_FY_less_9M,Total,Other revenue,1.055,FY from 2026-02-27 10-K acc 0001628280-26-012940 acc 0001628280-26-012940; 9M from 2024-11-12 10-Q acc 0001590364-24-000021 acc 0001590364-24-000021 (recast vintage)
Q4-2023,derived_FY_less_9M,Aerospace Products,Total revenues,158.457,FY from 2026-02-27 10-K acc 0001628280-26-012940 acc 0001628280-26-012940; 9M from 2024-11-12 10-Q acc 0001590364-24-000021 acc 0001590364-24-000021 (recast vintage)
Q4-2023,derived_FY_less_9M,Aviation Leasing,Total revenues,153.802,FY from 2026-02-27 10-K acc 0001628280-26-012940 acc 0001628280-26-012940; 9M from 2024-11-12 10-Q acc 0001590364-24-000021 acc 0001590364-24-000021 (recast vintage)
Q4-2023,derived_FY_less_9M,Corporate and Other,Total revenues,0.478,FY from 2026-02-27 10-K acc 0001628280-26-012940 acc 0001628280-26-012940; 9M from 2024-11-12 10-Q acc 0001590364-24-000021 acc 0001590364-24-000021 (recast vintage)
Q4-2023,derived_FY_less_9M,Total,Total revenues,312.737,FY from 2026-02-27 10-K acc 0001628280-26-012940 acc 0001628280-26-012940; 9M from 2024-11-12 10-Q acc 0001590364-24-000021 acc 0001590364-24-000021 (recast vintage)
Q4-2023,derived_FY_less_9M,Aerospace Products,Cost of sales,101.714,FY from 2026-02-27 10-K acc 0001628280-26-012940 acc 0001628280-26-012940; 9M from 2024-11-12 10-Q acc 0001590364-24-000021 acc 0001590364-24-000021 (recast vintage)
Q4-2023,derived_FY_less_9M,Aviation Leasing,Cost of sales,33.509,FY from 2026-02-27 10-K acc 0001628280-26-012940 acc 0001628280-26-012940; 9M from 2024-11-12 10-Q acc 0001590364-24-000021 acc 0001590364-24-000021 (recast vintage)
Q4-2023,derived_FY_less_9M,Corporate and Other,Cost of sales,0.0,FY from 2026-02-27 10-K acc 0001628280-26-012940 acc 0001628280-26-012940; 9M from 2024-11-12 10-Q acc 0001590364-24-000021 acc 0001590364-24-000021 (recast vintage)
Q4-2023,derived_FY_less_9M,Total,Cost of sales,135.223,FY from 2026-02-27 10-K acc 0001628280-26-012940 acc 0001628280-26-012940; 9M from 2024-11-12 10-Q acc 0001590364-24-000021 acc 0001590364-24-000021 (recast vintage)
Q4-2023,derived_FY_less_9M,Aerospace Products,Operating expenses,7.621,FY from 2026-02-27 10-K acc 0001628280-26-012940 acc 0001628280-26-012940; 9M from 2024-11-12 10-Q acc 0001590364-24-000021 acc 0001590364-24-000021 (recast vintage)
Q4-2023,derived_FY_less_9M,Aviation Leasing,Operating expenses,9.266,FY from 2026-02-27 10-K acc 0001628280-26-012940 acc 0001628280-26-012940; 9M from 2024-11-12 10-Q acc 0001590364-24-000021 acc 0001590364-24-000021 (recast vintage)
Q4-2023,derived_FY_less_9M,Corporate and Other,Operating expenses,12.058,FY from 2026-02-27 10-K acc 0001628280-26-012940 acc 0001628280-26-012940; 9M from 2024-11-12 10-Q acc 0001590364-24-000021 acc 0001590364-24-000021 (recast vintage)
Q4-2023,derived_FY_less_9M,Total,Operating expenses,28.945,FY from 2026-02-27 10-K acc 0001628280-26-012940 acc 0001628280-26-012940; 9M from 2024-11-12 10-Q acc 0001590364-24-000021 acc 0001590364-24-000021 (recast vintage)
Q4-2023,derived_FY_less_9M,Aerospace Products,General and administrative,0.0,FY from 2026-02-27 10-K acc 0001628280-26-012940 acc 0001628280-26-012940; 9M from 2024-11-12 10-Q acc 0001590364-24-000021 acc 0001590364-24-000021 (recast vintage)
Q4-2023,derived_FY_less_9M,Aviation Leasing,General and administrative,0.0,FY from 2026-02-27 10-K acc 0001628280-26-012940 acc 0001628280-26-012940; 9M from 2024-11-12 10-Q acc 0001590364-24-000021 acc 0001590364-24-000021 (recast vintage)
Q4-2023,derived_FY_less_9M,Corporate and Other,General and administrative,3.43,FY from 2026-02-27 10-K acc 0001628280-26-012940 acc 0001628280-26-012940; 9M from 2024-11-12 10-Q acc 0001590364-24-000021 acc 0001590364-24-000021 (recast vintage)
Q4-2023,derived_FY_less_9M,Total,General and administrative,3.43,FY from 2026-02-27 10-K acc 0001628280-26-012940 acc 0001628280-26-012940; 9M from 2024-11-12 10-Q acc 0001590364-24-000021 acc 0001590364-24-000021 (recast vintage)
Q4-2023,derived_FY_less_9M,Aerospace Products,Acquisition and transaction expenses,0.585,FY from 2026-02-27 10-K acc 0001628280-26-012940 acc 0001628280-26-012940; 9M from 2024-11-12 10-Q acc 0001590364-24-000021 acc 0001590364-24-000021 (recast vintage)
Q4-2023,derived_FY_less_9M,Aviation Leasing,Acquisition and transaction expenses,2.19,FY from 2026-02-27 10-K acc 0001628280-26-012940 acc 0001628280-26-012940; 9M from 2024-11-12 10-Q acc 0001590364-24-000021 acc 0001590364-24-000021 (recast vintage)
Q4-2023,derived_FY_less_9M,Corporate and Other,Acquisition and transaction expenses,2.224,FY from 2026-02-27 10-K acc 0001628280-26-012940 acc 0001628280-26-012940; 9M from 2024-11-12 10-Q acc 0001590364-24-000021 acc 0001590364-24-000021 (recast vintage)
Q4-2023,derived_FY_less_9M,Total,Acquisition and transaction expenses,4.999,FY from 2026-02-27 10-K acc 0001628280-26-012940 acc 0001628280-26-012940; 9M from 2024-11-12 10-Q acc 0001590364-24-000021 acc 0001590364-24-000021 (recast vintage)
Q4-2023,derived_FY_less_9M,Aerospace Products,Management fees and incentive allocation to affiliate,0.0,FY from 2026-02-27 10-K acc 0001628280-26-012940 acc 0001628280-26-012940; 9M from 2024-11-12 10-Q acc 0001590364-24-000021 acc 0001590364-24-000021 (recast vintage)
Q4-2023,derived_FY_less_9M,Aviation Leasing,Management fees and incentive allocation to affiliate,0.0,FY from 2026-02-27 10-K acc 0001628280-26-012940 acc 0001628280-26-012940; 9M from 2024-11-12 10-Q acc 0001590364-24-000021 acc 0001590364-24-000021 (recast vintage)
Q4-2023,derived_FY_less_9M,Corporate and Other,Management fees and incentive allocation to affiliate,4.9,FY from 2026-02-27 10-K acc 0001628280-26-012940 acc 0001628280-26-012940; 9M from 2024-11-12 10-Q acc 0001590364-24-000021 acc 0001590364-24-000021 (recast vintage)
Q4-2023,derived_FY_less_9M,Total,Management fees and incentive allocation to affiliate,4.9,FY from 2026-02-27 10-K acc 0001628280-26-012940 acc 0001628280-26-012940; 9M from 2024-11-12 10-Q acc 0001590364-24-000021 acc 0001590364-24-000021 (recast vintage)
Q4-2023,derived_FY_less_9M,Aerospace Products,Depreciation and amortization,0.363,FY from 2026-02-27 10-K acc 0001628280-26-012940 acc 0001628280-26-012940; 9M from 2024-11-12 10-Q acc 0001590364-24-000021 acc 0001590364-24-000021 (recast vintage)
Q4-2023,derived_FY_less_9M,Aviation Leasing,Depreciation and amortization,43.36,FY from 2026-02-27 10-K acc 0001628280-26-012940 acc 0001628280-26-012940; 9M from 2024-11-12 10-Q acc 0001590364-24-000021 acc 0001590364-24-000021 (recast vintage)
Q4-2023,derived_FY_less_9M,Corporate and Other,Depreciation and amortization,2.755,FY from 2026-02-27 10-K acc 0001628280-26-012940 acc 0001628280-26-012940; 9M from 2024-11-12 10-Q acc 0001590364-24-000021 acc 0001590364-24-000021 (recast vintage)
Q4-2023,derived_FY_less_9M,Total,Depreciation and amortization,46.478,FY from 2026-02-27 10-K acc 0001628280-26-012940 acc 0001628280-26-012940; 9M from 2024-11-12 10-Q acc 0001590364-24-000021 acc 0001590364-24-000021 (recast vintage)
Q4-2023,derived_FY_less_9M,Aerospace Products,Asset impairment,0.0,FY from 2026-02-27 10-K acc 0001628280-26-012940 acc 0001628280-26-012940; 9M from 2024-11-12 10-Q acc 0001590364-24-000021 acc 0001590364-24-000021 (recast vintage)
Q4-2023,derived_FY_less_9M,Aviation Leasing,Asset impairment,0.901,FY from 2026-02-27 10-K acc 0001628280-26-012940 acc 0001628280-26-012940; 9M from 2024-11-12 10-Q acc 0001590364-24-000021 acc 0001590364-24-000021 (recast vintage)
Q4-2023,derived_FY_less_9M,Corporate and Other,Asset impairment,0.0,FY from 2026-02-27 10-K acc 0001628280-26-012940 acc 0001628280-26-012940; 9M from 2024-11-12 10-Q acc 0001590364-24-000021 acc 0001590364-24-000021 (recast vintage)
Q4-2023,derived_FY_less_9M,Total,Asset impairment,0.901,FY from 2026-02-27 10-K acc 0001628280-26-012940 acc 0001628280-26-012940; 9M from 2024-11-12 10-Q acc 0001590364-24-000021 acc 0001590364-24-000021 (recast vintage)
Q4-2023,derived_FY_less_9M,Aerospace Products,Total expenses,110.283,FY from 2026-02-27 10-K acc 0001628280-26-012940 acc 0001628280-26-012940; 9M from 2024-11-12 10-Q acc 0001590364-24-000021 acc 0001590364-24-000021 (recast vintage)
Q4-2023,derived_FY_less_9M,Aviation Leasing,Total expenses,89.226,FY from 2026-02-27 10-K acc 0001628280-26-012940 acc 0001628280-26-012940; 9M from 2024-11-12 10-Q acc 0001590364-24-000021 acc 0001590364-24-000021 (recast vintage)
Q4-2023,derived_FY_less_9M,Corporate and Other,Total expenses,25.367,FY from 2026-02-27 10-K acc 0001628280-26-012940 acc 0001628280-26-012940; 9M from 2024-11-12 10-Q acc 0001590364-24-000021 acc 0001590364-24-000021 (recast vintage)
Q4-2023,derived_FY_less_9M,Total,Total expenses,224.876,FY from 2026-02-27 10-K acc 0001628280-26-012940 acc 0001628280-26-012940; 9M from 2024-11-12 10-Q acc 0001590364-24-000021 acc 0001590364-24-000021 (recast vintage)
Q4-2023,derived_FY_less_9M,Aerospace Products,Equity in earnings (losses) of unconsolidated entities,-1.458,FY from 2026-02-27 10-K acc 0001628280-26-012940 acc 0001628280-26-012940; 9M from 2024-11-12 10-Q acc 0001590364-24-000021 acc 0001590364-24-000021 (recast vintage)
Q4-2023,derived_FY_less_9M,Aviation Leasing,Equity in earnings (losses) of unconsolidated entities,-0.148,FY from 2026-02-27 10-K acc 0001628280-26-012940 acc 0001628280-26-012940; 9M from 2024-11-12 10-Q acc 0001590364-24-000021 acc 0001590364-24-000021 (recast vintage)
Q4-2023,derived_FY_less_9M,Corporate and Other,Equity in earnings (losses) of unconsolidated entities,0.0,FY from 2026-02-27 10-K acc 0001628280-26-012940 acc 0001628280-26-012940; 9M from 2024-11-12 10-Q acc 0001590364-24-000021 acc 0001590364-24-000021 (recast vintage)
Q4-2023,derived_FY_less_9M,Total,Equity in earnings (losses) of unconsolidated entities,-1.606,FY from 2026-02-27 10-K acc 0001628280-26-012940 acc 0001628280-26-012940; 9M from 2024-11-12 10-Q acc 0001590364-24-000021 acc 0001590364-24-000021 (recast vintage)
Q4-2023,derived_FY_less_9M,Aerospace Products,Interest expense,0.0,FY from 2026-02-27 10-K acc 0001628280-26-012940 acc 0001628280-26-012940; 9M from 2024-11-12 10-Q acc 0001590364-24-000021 acc 0001590364-24-000021 (recast vintage)
Q4-2023,derived_FY_less_9M,Aviation Leasing,Interest expense,0.0,FY from 2026-02-27 10-K acc 0001628280-26-012940 acc 0001628280-26-012940; 9M from 2024-11-12 10-Q acc 0001590364-24-000021 acc 0001590364-24-000021 (recast vintage)
Q4-2023,derived_FY_less_9M,Corporate and Other,Interest expense,43.663,FY from 2026-02-27 10-K acc 0001628280-26-012940 acc 0001628280-26-012940; 9M from 2024-11-12 10-Q acc 0001590364-24-000021 acc 0001590364-24-000021 (recast vintage)
Q4-2023,derived_FY_less_9M,Total,Interest expense,43.663,FY from 2026-02-27 10-K acc 0001628280-26-012940 acc 0001628280-26-012940; 9M from 2024-11-12 10-Q acc 0001590364-24-000021 acc 0001590364-24-000021 (recast vintage)
Q4-2023,derived_FY_less_9M,Aerospace Products,Other income (expense),5.347,FY from 2026-02-27 10-K acc 0001628280-26-012940 acc 0001628280-26-012940; 9M from 2024-11-12 10-Q acc 0001590364-24-000021 acc 0001590364-24-000021 (recast vintage)
Q4-2023,derived_FY_less_9M,Aviation Leasing,Other income (expense),1.3,FY from 2026-02-27 10-K acc 0001628280-26-012940 acc 0001628280-26-012940; 9M from 2024-11-12 10-Q acc 0001590364-24-000021 acc 0001590364-24-000021 (recast vintage)
Q4-2023,derived_FY_less_9M,Corporate and Other,Other income (expense),0.943,FY from 2026-02-27 10-K acc 0001628280-26-012940 acc 0001628280-26-012940; 9M from 2024-11-12 10-Q acc 0001590364-24-000021 acc 0001590364-24-000021 (recast vintage)
Q4-2023,derived_FY_less_9M,Total,Other income (expense),7.59,FY from 2026-02-27 10-K acc 0001628280-26-012940 acc 0001628280-26-012940; 9M from 2024-11-12 10-Q acc 0001590364-24-000021 acc 0001590364-24-000021 (recast vintage)
Q4-2023,derived_FY_less_9M,Aerospace Products,Total other income (expense),5.316,FY from 2026-02-27 10-K acc 0001628280-26-012940 acc 0001628280-26-012940; 9M from 2024-11-12 10-Q acc 0001590364-24-000021 acc 0001590364-24-000021 (recast vintage)
Q4-2023,derived_FY_less_9M,Aviation Leasing,Total other income (expense),0.534,FY from 2026-02-27 10-K acc 0001628280-26-012940 acc 0001628280-26-012940; 9M from 2024-11-12 10-Q acc 0001590364-24-000021 acc 0001590364-24-000021 (recast vintage)
Q4-2023,derived_FY_less_9M,Corporate and Other,Total other income (expense),-42.737,FY from 2026-02-27 10-K acc 0001628280-26-012940 acc 0001628280-26-012940; 9M from 2024-11-12 10-Q acc 0001590364-24-000021 acc 0001590364-24-000021 (recast vintage)
Q4-2023,derived_FY_less_9M,Total,Total other income (expense),-36.887,FY from 2026-02-27 10-K acc 0001628280-26-012940 acc 0001628280-26-012940; 9M from 2024-11-12 10-Q acc 0001590364-24-000021 acc 0001590364-24-000021 (recast vintage)
Q4-2023,derived_FY_less_9M,Aerospace Products,Income (loss) from continuing operations before income taxes,155.737,FY from 2026-02-27 10-K acc 0001628280-26-012940 acc 0001628280-26-012940; 9M from 2024-11-12 10-Q acc 0001590364-24-000021 acc 0001590364-24-000021 (recast vintage)
Q4-2023,derived_FY_less_9M,Aviation Leasing,Income (loss) from continuing operations before income taxes,255.41,FY from 2026-02-27 10-K acc 0001628280-26-012940 acc 0001628280-26-012940; 9M from 2024-11-12 10-Q acc 0001590364-24-000021 acc 0001590364-24-000021 (recast vintage)
Q4-2023,derived_FY_less_9M,Corporate and Other,Income (loss) from continuing operations before income taxes,-227.13,FY from 2026-02-27 10-K acc 0001628280-26-012940 acc 0001628280-26-012940; 9M from 2024-11-12 10-Q acc 0001590364-24-000021 acc 0001590364-24-000021 (recast vintage)
Q4-2023,derived_FY_less_9M,Total,Income (loss) from continuing operations before income taxes,184.017,FY from 2026-02-27 10-K acc 0001628280-26-012940 acc 0001628280-26-012940; 9M from 2024-11-12 10-Q acc 0001590364-24-000021 acc 0001590364-24-000021 (recast vintage)
Q4-2023,derived_FY_less_9M,Aerospace Products,Provision for (benefit from) income taxes,-24.44,FY from 2026-02-27 10-K acc 0001628280-26-012940 acc 0001628280-26-012940; 9M from 2024-11-12 10-Q acc 0001590364-24-000021 acc 0001590364-24-000021 (recast vintage)
Q4-2023,derived_FY_less_9M,Aviation Leasing,Provision for (benefit from) income taxes,-36.193,FY from 2026-02-27 10-K acc 0001628280-26-012940 acc 0001628280-26-012940; 9M from 2024-11-12 10-Q acc 0001590364-24-000021 acc 0001590364-24-000021 (recast vintage)
Q4-2023,derived_FY_less_9M,Corporate and Other,Provision for (benefit from) income taxes,0.833,FY from 2026-02-27 10-K acc 0001628280-26-012940 acc 0001628280-26-012940; 9M from 2024-11-12 10-Q acc 0001590364-24-000021 acc 0001590364-24-000021 (recast vintage)
Q4-2023,derived_FY_less_9M,Total,Provision for (benefit from) income taxes,-59.8,FY from 2026-02-27 10-K acc 0001628280-26-012940 acc 0001628280-26-012940; 9M from 2024-11-12 10-Q acc 0001590364-24-000021 acc 0001590364-24-000021 (recast vintage)
Q4-2023,derived_FY_less_9M,Aerospace Products,Net income (loss) from continuing operations,180.177,FY from 2026-02-27 10-K acc 0001628280-26-012940 acc 0001628280-26-012940; 9M from 2024-11-12 10-Q acc 0001590364-24-000021 acc 0001590364-24-000021 (recast vintage)
Q4-2023,derived_FY_less_9M,Aviation Leasing,Net income (loss) from continuing operations,291.603,FY from 2026-02-27 10-K acc 0001628280-26-012940 acc 0001628280-26-012940; 9M from 2024-11-12 10-Q acc 0001590364-24-000021 acc 0001590364-24-000021 (recast vintage)
Q4-2023,derived_FY_less_9M,Corporate and Other,Net income (loss) from continuing operations,-227.963,FY from 2026-02-27 10-K acc 0001628280-26-012940 acc 0001628280-26-012940; 9M from 2024-11-12 10-Q acc 0001590364-24-000021 acc 0001590364-24-000021 (recast vintage)
Q4-2023,derived_FY_less_9M,Total,Net income (loss) from continuing operations,243.817,FY from 2026-02-27 10-K acc 0001628280-26-012940 acc 0001628280-26-012940; 9M from 2024-11-12 10-Q acc 0001590364-24-000021 acc 0001590364-24-000021 (recast vintage)
Q1-2024,reported_3M,Aviation Leasing,Aerospace products revenue,0.0,2025-05-05 10-Q acc 0001590364-25-000011 acc 0001590364-25-000011 segment note (Note: Segment Information) (3M)
Q1-2024,reported_3M,Aerospace Products,Aerospace products revenue,189.057,2025-05-05 10-Q acc 0001590364-25-000011 acc 0001590364-25-000011 segment note (Note: Segment Information) (3M)
Q1-2024,reported_3M,Corporate and Other,Aerospace products revenue,0.0,2025-05-05 10-Q acc 0001590364-25-000011 acc 0001590364-25-000011 segment note (Note: Segment Information) (3M)
Q1-2024,reported_3M,Total,Aerospace products revenue,189.057,2025-05-05 10-Q acc 0001590364-25-000011 acc 0001590364-25-000011 segment note (Note: Segment Information) (3M)
Q1-2024,reported_3M,Aviation Leasing,Lease income,50.913,2025-05-05 10-Q acc 0001590364-25-000011 acc 0001590364-25-000011 segment note (Note: Segment Information) (3M)
Q1-2024,reported_3M,Aerospace Products,Lease income,0.0,2025-05-05 10-Q acc 0001590364-25-000011 acc 0001590364-25-000011 segment note (Note: Segment Information) (3M)
Q1-2024,reported_3M,Corporate and Other,Lease income,2.327,2025-05-05 10-Q acc 0001590364-25-000011 acc 0001590364-25-000011 segment note (Note: Segment Information) (3M)
Q1-2024,reported_3M,Total,Lease income,53.24,2025-05-05 10-Q acc 0001590364-25-000011 acc 0001590364-25-000011 segment note (Note: Segment Information) (3M)
Q1-2024,reported_3M,Aviation Leasing,Maintenance revenue,45.79,2025-05-05 10-Q acc 0001590364-25-000011 acc 0001590364-25-000011 segment note (Note: Segment Information) (3M)
Q1-2024,reported_3M,Aerospace Products,Maintenance revenue,0.0,2025-05-05 10-Q acc 0001590364-25-000011 acc 0001590364-25-000011 segment note (Note: Segment Information) (3M)
Q1-2024,reported_3M,Corporate and Other,Maintenance revenue,0.0,2025-05-05 10-Q acc 0001590364-25-000011 acc 0001590364-25-000011 segment note (Note: Segment Information) (3M)
Q1-2024,reported_3M,Total,Maintenance revenue,45.79,2025-05-05 10-Q acc 0001590364-25-000011 acc 0001590364-25-000011 segment note (Note: Segment Information) (3M)
Q1-2024,reported_3M,Aviation Leasing,Asset sales revenue,38.607,2025-05-05 10-Q acc 0001590364-25-000011 acc 0001590364-25-000011 segment note (Note: Segment Information) (3M)
Q1-2024,reported_3M,Aerospace Products,Asset sales revenue,0.0,2025-05-05 10-Q acc 0001590364-25-000011 acc 0001590364-25-000011 segment note (Note: Segment Information) (3M)
Q1-2024,reported_3M,Corporate and Other,Asset sales revenue,0.0,2025-05-05 10-Q acc 0001590364-25-000011 acc 0001590364-25-000011 segment note (Note: Segment Information) (3M)
Q1-2024,reported_3M,Total,Asset sales revenue,38.607,2025-05-05 10-Q acc 0001590364-25-000011 acc 0001590364-25-000011 segment note (Note: Segment Information) (3M)
Q1-2024,reported_3M,Aviation Leasing,Total revenues,135.31,2025-05-05 10-Q acc 0001590364-25-000011 acc 0001590364-25-000011 segment note (Note: Segment Information) (3M)
Q1-2024,reported_3M,Aerospace Products,Total revenues,189.057,2025-05-05 10-Q acc 0001590364-25-000011 acc 0001590364-25-000011 segment note (Note: Segment Information) (3M)
Q1-2024,reported_3M,Corporate and Other,Total revenues,2.327,2025-05-05 10-Q acc 0001590364-25-000011 acc 0001590364-25-000011 segment note (Note: Segment Information) (3M)
Q1-2024,reported_3M,Total,Total revenues,326.694,2025-05-05 10-Q acc 0001590364-25-000011 acc 0001590364-25-000011 segment note (Note: Segment Information) (3M)
Q1-2024,reported_3M,Aviation Leasing,Cost of sales,31.889,2025-05-05 10-Q acc 0001590364-25-000011 acc 0001590364-25-000011 segment note (Note: Segment Information) (3M)
Q1-2024,reported_3M,Aerospace Products,Cost of sales,110.915,2025-05-05 10-Q acc 0001590364-25-000011 acc 0001590364-25-000011 segment note (Note: Segment Information) (3M)
Q1-2024,reported_3M,Corporate and Other,Cost of sales,0.0,2025-05-05 10-Q acc 0001590364-25-000011 acc 0001590364-25-000011 segment note (Note: Segment Information) (3M)
Q1-2024,reported_3M,Total,Cost of sales,142.804,2025-05-05 10-Q acc 0001590364-25-000011 acc 0001590364-25-000011 segment note (Note: Segment Information) (3M)
Q1-2024,reported_3M,Aviation Leasing,Operating expenses,8.207,2025-05-05 10-Q acc 0001590364-25-000011 acc 0001590364-25-000011 segment note (Note: Segment Information) (3M)
Q1-2024,reported_3M,Aerospace Products,Operating expenses,7.47,2025-05-05 10-Q acc 0001590364-25-000011 acc 0001590364-25-000011 segment note (Note: Segment Information) (3M)
Q1-2024,reported_3M,Corporate and Other,Operating expenses,9.64,2025-05-05 10-Q acc 0001590364-25-000011 acc 0001590364-25-000011 segment note (Note: Segment Information) (3M)
Q1-2024,reported_3M,Total,Operating expenses,25.317,2025-05-05 10-Q acc 0001590364-25-000011 acc 0001590364-25-000011 segment note (Note: Segment Information) (3M)
Q1-2024,reported_3M,Aviation Leasing,General and administrative,0.0,2025-05-05 10-Q acc 0001590364-25-000011 acc 0001590364-25-000011 segment note (Note: Segment Information) (3M)
Q1-2024,reported_3M,Aerospace Products,General and administrative,0.0,2025-05-05 10-Q acc 0001590364-25-000011 acc 0001590364-25-000011 segment note (Note: Segment Information) (3M)
Q1-2024,reported_3M,Corporate and Other,General and administrative,3.683,2025-05-05 10-Q acc 0001590364-25-000011 acc 0001590364-25-000011 segment note (Note: Segment Information) (3M)
Q1-2024,reported_3M,Total,General and administrative,3.683,2025-05-05 10-Q acc 0001590364-25-000011 acc 0001590364-25-000011 segment note (Note: Segment Information) (3M)
Q1-2024,reported_3M,Aviation Leasing,Acquisition and transaction expenses,2.761,2025-05-05 10-Q acc 0001590364-25-000011 acc 0001590364-25-000011 segment note (Note: Segment Information) (3M)
Q1-2024,reported_3M,Aerospace Products,Acquisition and transaction expenses,0.246,2025-05-05 10-Q acc 0001590364-25-000011 acc 0001590364-25-000011 segment note (Note: Segment Information) (3M)
Q1-2024,reported_3M,Corporate and Other,Acquisition and transaction expenses,3.172,2025-05-05 10-Q acc 0001590364-25-000011 acc 0001590364-25-000011 segment note (Note: Segment Information) (3M)
Q1-2024,reported_3M,Total,Acquisition and transaction expenses,6.179,2025-05-05 10-Q acc 0001590364-25-000011 acc 0001590364-25-000011 segment note (Note: Segment Information) (3M)
Q1-2024,reported_3M,Aviation Leasing,Management fees and incentive allocation to affiliate,0.0,2025-05-05 10-Q acc 0001590364-25-000011 acc 0001590364-25-000011 segment note (Note: Segment Information) (3M)
Q1-2024,reported_3M,Aerospace Products,Management fees and incentive allocation to affiliate,0.0,2025-05-05 10-Q acc 0001590364-25-000011 acc 0001590364-25-000011 segment note (Note: Segment Information) (3M)
Q1-2024,reported_3M,Corporate and Other,Management fees and incentive allocation to affiliate,4.895,2025-05-05 10-Q acc 0001590364-25-000011 acc 0001590364-25-000011 segment note (Note: Segment Information) (3M)
Q1-2024,reported_3M,Total,Management fees and incentive allocation to affiliate,4.895,2025-05-05 10-Q acc 0001590364-25-000011 acc 0001590364-25-000011 segment note (Note: Segment Information) (3M)
Q1-2024,reported_3M,Aviation Leasing,Depreciation and amortization,46.084,2025-05-05 10-Q acc 0001590364-25-000011 acc 0001590364-25-000011 segment note (Note: Segment Information) (3M)
Q1-2024,reported_3M,Aerospace Products,Depreciation and amortization,0.933,2025-05-05 10-Q acc 0001590364-25-000011 acc 0001590364-25-000011 segment note (Note: Segment Information) (3M)
Q1-2024,reported_3M,Corporate and Other,Depreciation and amortization,2.903,2025-05-05 10-Q acc 0001590364-25-000011 acc 0001590364-25-000011 segment note (Note: Segment Information) (3M)
Q1-2024,reported_3M,Total,Depreciation and amortization,49.92,2025-05-05 10-Q acc 0001590364-25-000011 acc 0001590364-25-000011 segment note (Note: Segment Information) (3M)
Q1-2024,reported_3M,Aviation Leasing,Asset impairment,0.962,2025-05-05 10-Q acc 0001590364-25-000011 acc 0001590364-25-000011 segment note (Note: Segment Information) (3M)
Q1-2024,reported_3M,Aerospace Products,Asset impairment,0.0,2025-05-05 10-Q acc 0001590364-25-000011 acc 0001590364-25-000011 segment note (Note: Segment Information) (3M)
Q1-2024,reported_3M,Corporate and Other,Asset impairment,0.0,2025-05-05 10-Q acc 0001590364-25-000011 acc 0001590364-25-000011 segment note (Note: Segment Information) (3M)
Q1-2024,reported_3M,Total,Asset impairment,0.962,2025-05-05 10-Q acc 0001590364-25-000011 acc 0001590364-25-000011 segment note (Note: Segment Information) (3M)
Q1-2024,reported_3M,Aviation Leasing,Total expenses,89.903,2025-05-05 10-Q acc 0001590364-25-000011 acc 0001590364-25-000011 segment note (Note: Segment Information) (3M)
Q1-2024,reported_3M,Aerospace Products,Total expenses,119.564,2025-05-05 10-Q acc 0001590364-25-000011 acc 0001590364-25-000011 segment note (Note: Segment Information) (3M)
Q1-2024,reported_3M,Corporate and Other,Total expenses,24.293,2025-05-05 10-Q acc 0001590364-25-000011 acc 0001590364-25-000011 segment note (Note: Segment Information) (3M)
Q1-2024,reported_3M,Total,Total expenses,233.76,2025-05-05 10-Q acc 0001590364-25-000011 acc 0001590364-25-000011 segment note (Note: Segment Information) (3M)
Q1-2024,reported_3M,Aviation Leasing,Interest expense,0.0,2025-05-05 10-Q acc 0001590364-25-000011 acc 0001590364-25-000011 segment note (Note: Segment Information) (3M)
Q1-2024,reported_3M,Aerospace Products,Interest expense,0.0,2025-05-05 10-Q acc 0001590364-25-000011 acc 0001590364-25-000011 segment note (Note: Segment Information) (3M)
Q1-2024,reported_3M,Corporate and Other,Interest expense,47.707,2025-05-05 10-Q acc 0001590364-25-000011 acc 0001590364-25-000011 segment note (Note: Segment Information) (3M)
Q1-2024,reported_3M,Total,Interest expense,47.707,2025-05-05 10-Q acc 0001590364-25-000011 acc 0001590364-25-000011 segment note (Note: Segment Information) (3M)
Q1-2024,reported_3M,Aviation Leasing,Equity in losses of unconsolidated entities,-0.146,2025-05-05 10-Q acc 0001590364-25-000011 acc 0001590364-25-000011 segment note (Note: Segment Information) (3M)
Q1-2024,reported_3M,Aerospace Products,Equity in losses of unconsolidated entities,-0.521,2025-05-05 10-Q acc 0001590364-25-000011 acc 0001590364-25-000011 segment note (Note: Segment Information) (3M)
Q1-2024,reported_3M,Corporate and Other,Equity in losses of unconsolidated entities,0.0,2025-05-05 10-Q acc 0001590364-25-000011 acc 0001590364-25-000011 segment note (Note: Segment Information) (3M)
Q1-2024,reported_3M,Total,Equity in losses of unconsolidated entities,-0.667,2025-05-05 10-Q acc 0001590364-25-000011 acc 0001590364-25-000011 segment note (Note: Segment Information) (3M)
Q1-2024,reported_3M,Aviation Leasing,Other income,0.369,2025-05-05 10-Q acc 0001590364-25-000011 acc 0001590364-25-000011 segment note (Note: Segment Information) (3M)
Q1-2024,reported_3M,Aerospace Products,Other income,0.0,2025-05-05 10-Q acc 0001590364-25-000011 acc 0001590364-25-000011 segment note (Note: Segment Information) (3M)
Q1-2024,reported_3M,Corporate and Other,Other income,0.265,2025-05-05 10-Q acc 0001590364-25-000011 acc 0001590364-25-000011 segment note (Note: Segment Information) (3M)
Q1-2024,reported_3M,Total,Other income,0.634,2025-05-05 10-Q acc 0001590364-25-000011 acc 0001590364-25-000011 segment note (Note: Segment Information) (3M)
Q1-2024,reported_3M,Aviation Leasing,Total other income (expense),0.223,2025-05-05 10-Q acc 0001590364-25-000011 acc 0001590364-25-000011 segment note (Note: Segment Information) (3M)
Q1-2024,reported_3M,Aerospace Products,Total other income (expense),-0.521,2025-05-05 10-Q acc 0001590364-25-000011 acc 0001590364-25-000011 segment note (Note: Segment Information) (3M)
Q1-2024,reported_3M,Corporate and Other,Total other income (expense),-47.442,2025-05-05 10-Q acc 0001590364-25-000011 acc 0001590364-25-000011 segment note (Note: Segment Information) (3M)
Q1-2024,reported_3M,Total,Total other income (expense),-47.74,2025-05-05 10-Q acc 0001590364-25-000011 acc 0001590364-25-000011 segment note (Note: Segment Information) (3M)
Q1-2024,reported_3M,Aviation Leasing,Income (loss) before income taxes,45.63,2025-05-05 10-Q acc 0001590364-25-000011 acc 0001590364-25-000011 segment note (Note: Segment Information) (3M)
Q1-2024,reported_3M,Aerospace Products,Income (loss) before income taxes,68.972,2025-05-05 10-Q acc 0001590364-25-000011 acc 0001590364-25-000011 segment note (Note: Segment Information) (3M)
Q1-2024,reported_3M,Corporate and Other,Income (loss) before income taxes,-69.408,2025-05-05 10-Q acc 0001590364-25-000011 acc 0001590364-25-000011 segment note (Note: Segment Information) (3M)
Q1-2024,reported_3M,Total,Income (loss) before income taxes,45.194,2025-05-05 10-Q acc 0001590364-25-000011 acc 0001590364-25-000011 segment note (Note: Segment Information) (3M)
Q1-2024,reported_3M,Aviation Leasing,Provision for income taxes,3.033,2025-05-05 10-Q acc 0001590364-25-000011 acc 0001590364-25-000011 segment note (Note: Segment Information) (3M)
Q1-2024,reported_3M,Aerospace Products,Provision for income taxes,2.539,2025-05-05 10-Q acc 0001590364-25-000011 acc 0001590364-25-000011 segment note (Note: Segment Information) (3M)
Q1-2024,reported_3M,Corporate and Other,Provision for income taxes,0.0,2025-05-05 10-Q acc 0001590364-25-000011 acc 0001590364-25-000011 segment note (Note: Segment Information) (3M)
Q1-2024,reported_3M,Total,Provision for income taxes,5.572,2025-05-05 10-Q acc 0001590364-25-000011 acc 0001590364-25-000011 segment note (Note: Segment Information) (3M)
Q1-2024,reported_3M,Aviation Leasing,Net income (loss),42.597,2025-05-05 10-Q acc 0001590364-25-000011 acc 0001590364-25-000011 segment note (Note: Segment Information) (3M)
Q1-2024,reported_3M,Aerospace Products,Net income (loss),66.433,2025-05-05 10-Q acc 0001590364-25-000011 acc 0001590364-25-000011 segment note (Note: Segment Information) (3M)
Q1-2024,reported_3M,Corporate and Other,Net income (loss),-69.408,2025-05-05 10-Q acc 0001590364-25-000011 acc 0001590364-25-000011 segment note (Note: Segment Information) (3M)
Q1-2024,reported_3M,Total,Net income (loss),39.622,2025-05-05 10-Q acc 0001590364-25-000011 acc 0001590364-25-000011 segment note (Note: Segment Information) (3M)
Q2-2024,reported_3M,Aviation Leasing,Aerospace products revenue,0.0,2025-07-31 10-Q acc 0001590364-25-000023 acc 0001590364-25-000023 segment note (Note: Segment Information) (3M)
Q2-2024,reported_3M,Aerospace Products,Aerospace products revenue,245.2,2025-07-31 10-Q acc 0001590364-25-000023 acc 0001590364-25-000023 segment note (Note: Segment Information) (3M)
Q2-2024,reported_3M,Corporate and Other,Aerospace products revenue,0.0,2025-07-31 10-Q acc 0001590364-25-000023 acc 0001590364-25-000023 segment note (Note: Segment Information) (3M)
Q2-2024,reported_3M,Total,Aerospace products revenue,245.2,2025-07-31 10-Q acc 0001590364-25-000023 acc 0001590364-25-000023 segment note (Note: Segment Information) (3M)
Q2-2024,reported_3M,Aviation Leasing,Lease income,60.759,2025-07-31 10-Q acc 0001590364-25-000023 acc 0001590364-25-000023 segment note (Note: Segment Information) (3M)
Q2-2024,reported_3M,Aerospace Products,Lease income,0.0,2025-07-31 10-Q acc 0001590364-25-000023 acc 0001590364-25-000023 segment note (Note: Segment Information) (3M)
Q2-2024,reported_3M,Corporate and Other,Lease income,9.995,2025-07-31 10-Q acc 0001590364-25-000023 acc 0001590364-25-000023 segment note (Note: Segment Information) (3M)
Q2-2024,reported_3M,Total,Lease income,70.754,2025-07-31 10-Q acc 0001590364-25-000023 acc 0001590364-25-000023 segment note (Note: Segment Information) (3M)
Q2-2024,reported_3M,Aviation Leasing,Maintenance revenue,51.187,2025-07-31 10-Q acc 0001590364-25-000023 acc 0001590364-25-000023 segment note (Note: Segment Information) (3M)
Q2-2024,reported_3M,Aerospace Products,Maintenance revenue,0.0,2025-07-31 10-Q acc 0001590364-25-000023 acc 0001590364-25-000023 segment note (Note: Segment Information) (3M)
Q2-2024,reported_3M,Corporate and Other,Maintenance revenue,0.0,2025-07-31 10-Q acc 0001590364-25-000023 acc 0001590364-25-000023 segment note (Note: Segment Information) (3M)
Q2-2024,reported_3M,Total,Maintenance revenue,51.187,2025-07-31 10-Q acc 0001590364-25-000023 acc 0001590364-25-000023 segment note (Note: Segment Information) (3M)
Q2-2024,reported_3M,Aviation Leasing,Asset sales revenue,72.433,2025-07-31 10-Q acc 0001590364-25-000023 acc 0001590364-25-000023 segment note (Note: Segment Information) (3M)
Q2-2024,reported_3M,Aerospace Products,Asset sales revenue,0.0,2025-07-31 10-Q acc 0001590364-25-000023 acc 0001590364-25-000023 segment note (Note: Segment Information) (3M)
Q2-2024,reported_3M,Corporate and Other,Asset sales revenue,0.0,2025-07-31 10-Q acc 0001590364-25-000023 acc 0001590364-25-000023 segment note (Note: Segment Information) (3M)
Q2-2024,reported_3M,Total,Asset sales revenue,72.433,2025-07-31 10-Q acc 0001590364-25-000023 acc 0001590364-25-000023 segment note (Note: Segment Information) (3M)
Q2-2024,reported_3M,Aviation Leasing,Other revenue,0.058,2025-07-31 10-Q acc 0001590364-25-000023 acc 0001590364-25-000023 segment note (Note: Segment Information) (3M)
Q2-2024,reported_3M,Aerospace Products,Other revenue,0.0,2025-07-31 10-Q acc 0001590364-25-000023 acc 0001590364-25-000023 segment note (Note: Segment Information) (3M)
Q2-2024,reported_3M,Corporate and Other,Other revenue,3.962,2025-07-31 10-Q acc 0001590364-25-000023 acc 0001590364-25-000023 segment note (Note: Segment Information) (3M)
Q2-2024,reported_3M,Total,Other revenue,4.02,2025-07-31 10-Q acc 0001590364-25-000023 acc 0001590364-25-000023 segment note (Note: Segment Information) (3M)
Q2-2024,reported_3M,Aviation Leasing,Total revenues,184.437,2025-07-31 10-Q acc 0001590364-25-000023 acc 0001590364-25-000023 segment note (Note: Segment Information) (3M)
Q2-2024,reported_3M,Aerospace Products,Total revenues,245.2,2025-07-31 10-Q acc 0001590364-25-000023 acc 0001590364-25-000023 segment note (Note: Segment Information) (3M)
Q2-2024,reported_3M,Corporate and Other,Total revenues,13.957,2025-07-31 10-Q acc 0001590364-25-000023 acc 0001590364-25-000023 segment note (Note: Segment Information) (3M)
Q2-2024,reported_3M,Total,Total revenues,443.594,2025-07-31 10-Q acc 0001590364-25-000023 acc 0001590364-25-000023 segment note (Note: Segment Information) (3M)
Q2-2024,reported_3M,Aviation Leasing,Cost of sales,58.969,2025-07-31 10-Q acc 0001590364-25-000023 acc 0001590364-25-000023 segment note (Note: Segment Information) (3M)
Q2-2024,reported_3M,Aerospace Products,Cost of sales,146.888,2025-07-31 10-Q acc 0001590364-25-000023 acc 0001590364-25-000023 segment note (Note: Segment Information) (3M)
Q2-2024,reported_3M,Corporate and Other,Cost of sales,0.0,2025-07-31 10-Q acc 0001590364-25-000023 acc 0001590364-25-000023 segment note (Note: Segment Information) (3M)
Q2-2024,reported_3M,Total,Cost of sales,205.857,2025-07-31 10-Q acc 0001590364-25-000023 acc 0001590364-25-000023 segment note (Note: Segment Information) (3M)
Q2-2024,reported_3M,Aviation Leasing,Operating expenses,8.782,2025-07-31 10-Q acc 0001590364-25-000023 acc 0001590364-25-000023 segment note (Note: Segment Information) (3M)
Q2-2024,reported_3M,Aerospace Products,Operating expenses,6.423,2025-07-31 10-Q acc 0001590364-25-000023 acc 0001590364-25-000023 segment note (Note: Segment Information) (3M)
Q2-2024,reported_3M,Corporate and Other,Operating expenses,13.894,2025-07-31 10-Q acc 0001590364-25-000023 acc 0001590364-25-000023 segment note (Note: Segment Information) (3M)
Q2-2024,reported_3M,Total,Operating expenses,29.099,2025-07-31 10-Q acc 0001590364-25-000023 acc 0001590364-25-000023 segment note (Note: Segment Information) (3M)
Q2-2024,reported_3M,Aviation Leasing,General and administrative,0.0,2025-07-31 10-Q acc 0001590364-25-000023 acc 0001590364-25-000023 segment note (Note: Segment Information) (3M)
Q2-2024,reported_3M,Aerospace Products,General and administrative,0.0,2025-07-31 10-Q acc 0001590364-25-000023 acc 0001590364-25-000023 segment note (Note: Segment Information) (3M)
Q2-2024,reported_3M,Corporate and Other,General and administrative,2.969,2025-07-31 10-Q acc 0001590364-25-000023 acc 0001590364-25-000023 segment note (Note: Segment Information) (3M)
Q2-2024,reported_3M,Total,General and administrative,2.969,2025-07-31 10-Q acc 0001590364-25-000023 acc 0001590364-25-000023 segment note (Note: Segment Information) (3M)
Q2-2024,reported_3M,Aviation Leasing,Acquisition and transaction expenses,1.969,2025-07-31 10-Q acc 0001590364-25-000023 acc 0001590364-25-000023 segment note (Note: Segment Information) (3M)
Q2-2024,reported_3M,Aerospace Products,Acquisition and transaction expenses,0.525,2025-07-31 10-Q acc 0001590364-25-000023 acc 0001590364-25-000023 segment note (Note: Segment Information) (3M)
Q2-2024,reported_3M,Corporate and Other,Acquisition and transaction expenses,5.525,2025-07-31 10-Q acc 0001590364-25-000023 acc 0001590364-25-000023 segment note (Note: Segment Information) (3M)
Q2-2024,reported_3M,Total,Acquisition and transaction expenses,8.019,2025-07-31 10-Q acc 0001590364-25-000023 acc 0001590364-25-000023 segment note (Note: Segment Information) (3M)
Q2-2024,reported_3M,Aviation Leasing,Management fees and incentive allocation to affiliate,0.0,2025-07-31 10-Q acc 0001590364-25-000023 acc 0001590364-25-000023 segment note (Note: Segment Information) (3M)
Q2-2024,reported_3M,Aerospace Products,Management fees and incentive allocation to affiliate,0.0,2025-07-31 10-Q acc 0001590364-25-000023 acc 0001590364-25-000023 segment note (Note: Segment Information) (3M)
Q2-2024,reported_3M,Corporate and Other,Management fees and incentive allocation to affiliate,3.554,2025-07-31 10-Q acc 0001590364-25-000023 acc 0001590364-25-000023 segment note (Note: Segment Information) (3M)
Q2-2024,reported_3M,Total,Management fees and incentive allocation to affiliate,3.554,2025-07-31 10-Q acc 0001590364-25-000023 acc 0001590364-25-000023 segment note (Note: Segment Information) (3M)
Q2-2024,reported_3M,Aviation Leasing,Internalization fee to affiliate,0.0,2025-07-31 10-Q acc 0001590364-25-000023 acc 0001590364-25-000023 segment note (Note: Segment Information) (3M)
Q2-2024,reported_3M,Aerospace Products,Internalization fee to affiliate,0.0,2025-07-31 10-Q acc 0001590364-25-000023 acc 0001590364-25-000023 segment note (Note: Segment Information) (3M)
Q2-2024,reported_3M,Corporate and Other,Internalization fee to affiliate,300.0,2025-07-31 10-Q acc 0001590364-25-000023 acc 0001590364-25-000023 segment note (Note: Segment Information) (3M)
Q2-2024,reported_3M,Total,Internalization fee to affiliate,300.0,2025-07-31 10-Q acc 0001590364-25-000023 acc 0001590364-25-000023 segment note (Note: Segment Information) (3M)
Q2-2024,reported_3M,Aviation Leasing,Depreciation and amortization,52.672,2025-07-31 10-Q acc 0001590364-25-000023 acc 0001590364-25-000023 segment note (Note: Segment Information) (3M)
Q2-2024,reported_3M,Aerospace Products,Depreciation and amortization,0.938,2025-07-31 10-Q acc 0001590364-25-000023 acc 0001590364-25-000023 segment note (Note: Segment Information) (3M)
Q2-2024,reported_3M,Corporate and Other,Depreciation and amortization,3.081,2025-07-31 10-Q acc 0001590364-25-000023 acc 0001590364-25-000023 segment note (Note: Segment Information) (3M)
Q2-2024,reported_3M,Total,Depreciation and amortization,56.691,2025-07-31 10-Q acc 0001590364-25-000023 acc 0001590364-25-000023 segment note (Note: Segment Information) (3M)
Q2-2024,reported_3M,Aviation Leasing,Total expenses,122.392,2025-07-31 10-Q acc 0001590364-25-000023 acc 0001590364-25-000023 segment note (Note: Segment Information) (3M)
Q2-2024,reported_3M,Aerospace Products,Total expenses,154.774,2025-07-31 10-Q acc 0001590364-25-000023 acc 0001590364-25-000023 segment note (Note: Segment Information) (3M)
Q2-2024,reported_3M,Corporate and Other,Total expenses,329.023,2025-07-31 10-Q acc 0001590364-25-000023 acc 0001590364-25-000023 segment note (Note: Segment Information) (3M)
Q2-2024,reported_3M,Total,Total expenses,606.189,2025-07-31 10-Q acc 0001590364-25-000023 acc 0001590364-25-000023 segment note (Note: Segment Information) (3M)
Q2-2024,reported_3M,Aviation Leasing,Interest expense,0.0,2025-07-31 10-Q acc 0001590364-25-000023 acc 0001590364-25-000023 segment note (Note: Segment Information) (3M)
Q2-2024,reported_3M,Aerospace Products,Interest expense,0.0,2025-07-31 10-Q acc 0001590364-25-000023 acc 0001590364-25-000023 segment note (Note: Segment Information) (3M)
Q2-2024,reported_3M,Corporate and Other,Interest expense,55.196,2025-07-31 10-Q acc 0001590364-25-000023 acc 0001590364-25-000023 segment note (Note: Segment Information) (3M)
Q2-2024,reported_3M,Total,Interest expense,55.196,2025-07-31 10-Q acc 0001590364-25-000023 acc 0001590364-25-000023 segment note (Note: Segment Information) (3M)
Q2-2024,reported_3M,Aviation Leasing,Loss on extinguishment of debt,0.0,2025-07-31 10-Q acc 0001590364-25-000023 acc 0001590364-25-000023 segment note (Note: Segment Information) (3M)
Q2-2024,reported_3M,Aerospace Products,Loss on extinguishment of debt,0.0,2025-07-31 10-Q acc 0001590364-25-000023 acc 0001590364-25-000023 segment note (Note: Segment Information) (3M)
Q2-2024,reported_3M,Corporate and Other,Loss on extinguishment of debt,-13.92,2025-07-31 10-Q acc 0001590364-25-000023 acc 0001590364-25-000023 segment note (Note: Segment Information) (3M)
Q2-2024,reported_3M,Total,Loss on extinguishment of debt,-13.92,2025-07-31 10-Q acc 0001590364-25-000023 acc 0001590364-25-000023 segment note (Note: Segment Information) (3M)
Q2-2024,reported_3M,Aviation Leasing,Equity in losses of unconsolidated entities,-0.061,2025-07-31 10-Q acc 0001590364-25-000023 acc 0001590364-25-000023 segment note (Note: Segment Information) (3M)
Q2-2024,reported_3M,Aerospace Products,Equity in losses of unconsolidated entities,-0.633,2025-07-31 10-Q acc 0001590364-25-000023 acc 0001590364-25-000023 segment note (Note: Segment Information) (3M)
Q2-2024,reported_3M,Corporate and Other,Equity in losses of unconsolidated entities,0.0,2025-07-31 10-Q acc 0001590364-25-000023 acc 0001590364-25-000023 segment note (Note: Segment Information) (3M)
Q2-2024,reported_3M,Total,Equity in losses of unconsolidated entities,-0.694,2025-07-31 10-Q acc 0001590364-25-000023 acc 0001590364-25-000023 segment note (Note: Segment Information) (3M)
Q2-2024,reported_3M,Aviation Leasing,Other (expense) income,-0.911,2025-07-31 10-Q acc 0001590364-25-000023 acc 0001590364-25-000023 segment note (Note: Segment Information) (3M)
Q2-2024,reported_3M,Aerospace Products,Other (expense) income,0.0,2025-07-31 10-Q acc 0001590364-25-000023 acc 0001590364-25-000023 segment note (Note: Segment Information) (3M)
Q2-2024,reported_3M,Corporate and Other,Other (expense) income,0.413,2025-07-31 10-Q acc 0001590364-25-000023 acc 0001590364-25-000023 segment note (Note: Segment Information) (3M)
Q2-2024,reported_3M,Total,Other (expense) income,-0.498,2025-07-31 10-Q acc 0001590364-25-000023 acc 0001590364-25-000023 segment note (Note: Segment Information) (3M)
Q2-2024,reported_3M,Aviation Leasing,Total other expense,-0.972,2025-07-31 10-Q acc 0001590364-25-000023 acc 0001590364-25-000023 segment note (Note: Segment Information) (3M)
Q2-2024,reported_3M,Aerospace Products,Total other expense,-0.633,2025-07-31 10-Q acc 0001590364-25-000023 acc 0001590364-25-000023 segment note (Note: Segment Information) (3M)
Q2-2024,reported_3M,Corporate and Other,Total other expense,-68.703,2025-07-31 10-Q acc 0001590364-25-000023 acc 0001590364-25-000023 segment note (Note: Segment Information) (3M)
Q2-2024,reported_3M,Total,Total other expense,-70.308,2025-07-31 10-Q acc 0001590364-25-000023 acc 0001590364-25-000023 segment note (Note: Segment Information) (3M)
Q2-2024,reported_3M,Aviation Leasing,Income (loss) before income taxes,61.073,2025-07-31 10-Q acc 0001590364-25-000023 acc 0001590364-25-000023 segment note (Note: Segment Information) (3M)
Q2-2024,reported_3M,Aerospace Products,Income (loss) before income taxes,89.793,2025-07-31 10-Q acc 0001590364-25-000023 acc 0001590364-25-000023 segment note (Note: Segment Information) (3M)
Q2-2024,reported_3M,Corporate and Other,Income (loss) before income taxes,-383.769,2025-07-31 10-Q acc 0001590364-25-000023 acc 0001590364-25-000023 segment note (Note: Segment Information) (3M)
Q2-2024,reported_3M,Total,Income (loss) before income taxes,-232.903,2025-07-31 10-Q acc 0001590364-25-000023 acc 0001590364-25-000023 segment note (Note: Segment Information) (3M)
Q2-2024,reported_3M,Aviation Leasing,Provision for (benefit from) income taxes,8.293,2025-07-31 10-Q acc 0001590364-25-000023 acc 0001590364-25-000023 segment note (Note: Segment Information) (3M)
Q2-2024,reported_3M,Aerospace Products,Provision for (benefit from) income taxes,4.918,2025-07-31 10-Q acc 0001590364-25-000023 acc 0001590364-25-000023 segment note (Note: Segment Information) (3M)
Q2-2024,reported_3M,Corporate and Other,Provision for (benefit from) income taxes,-26.244,2025-07-31 10-Q acc 0001590364-25-000023 acc 0001590364-25-000023 segment note (Note: Segment Information) (3M)
Q2-2024,reported_3M,Total,Provision for (benefit from) income taxes,-13.033,2025-07-31 10-Q acc 0001590364-25-000023 acc 0001590364-25-000023 segment note (Note: Segment Information) (3M)
Q2-2024,reported_3M,Aviation Leasing,Net income (loss),52.78,2025-07-31 10-Q acc 0001590364-25-000023 acc 0001590364-25-000023 segment note (Note: Segment Information) (3M)
Q2-2024,reported_3M,Aerospace Products,Net income (loss),84.875,2025-07-31 10-Q acc 0001590364-25-000023 acc 0001590364-25-000023 segment note (Note: Segment Information) (3M)
Q2-2024,reported_3M,Corporate and Other,Net income (loss),-357.525,2025-07-31 10-Q acc 0001590364-25-000023 acc 0001590364-25-000023 segment note (Note: Segment Information) (3M)
Q2-2024,reported_3M,Total,Net income (loss),-219.87,2025-07-31 10-Q acc 0001590364-25-000023 acc 0001590364-25-000023 segment note (Note: Segment Information) (3M)
Q3-2024,reported_3M,Aviation Leasing,Aerospace products revenue,0.0,2025-10-29 10-Q acc 0001590364-25-000041 acc 0001590364-25-000041 segment note (Note: Segment Information) (3M)
Q3-2024,reported_3M,Aerospace Products,Aerospace products revenue,303.469,2025-10-29 10-Q acc 0001590364-25-000041 acc 0001590364-25-000041 segment note (Note: Segment Information) (3M)
Q3-2024,reported_3M,Corporate and Other,Aerospace products revenue,0.0,2025-10-29 10-Q acc 0001590364-25-000041 acc 0001590364-25-000041 segment note (Note: Segment Information) (3M)
Q3-2024,reported_3M,Total,Aerospace products revenue,303.469,2025-10-29 10-Q acc 0001590364-25-000041 acc 0001590364-25-000041 segment note (Note: Segment Information) (3M)
Q3-2024,reported_3M,Aviation Leasing,Lease income,57.322,2025-10-29 10-Q acc 0001590364-25-000041 acc 0001590364-25-000041 segment note (Note: Segment Information) (3M)
Q3-2024,reported_3M,Aerospace Products,Lease income,0.0,2025-10-29 10-Q acc 0001590364-25-000041 acc 0001590364-25-000041 segment note (Note: Segment Information) (3M)
Q3-2024,reported_3M,Corporate and Other,Lease income,8.128,2025-10-29 10-Q acc 0001590364-25-000041 acc 0001590364-25-000041 segment note (Note: Segment Information) (3M)
Q3-2024,reported_3M,Total,Lease income,65.45,2025-10-29 10-Q acc 0001590364-25-000041 acc 0001590364-25-000041 segment note (Note: Segment Information) (3M)
Q3-2024,reported_3M,Aviation Leasing,Maintenance revenue,59.917,2025-10-29 10-Q acc 0001590364-25-000041 acc 0001590364-25-000041 segment note (Note: Segment Information) (3M)
Q3-2024,reported_3M,Aerospace Products,Maintenance revenue,0.0,2025-10-29 10-Q acc 0001590364-25-000041 acc 0001590364-25-000041 segment note (Note: Segment Information) (3M)
Q3-2024,reported_3M,Corporate and Other,Maintenance revenue,0.0,2025-10-29 10-Q acc 0001590364-25-000041 acc 0001590364-25-000041 segment note (Note: Segment Information) (3M)
Q3-2024,reported_3M,Total,Maintenance revenue,59.917,2025-10-29 10-Q acc 0001590364-25-000041 acc 0001590364-25-000041 segment note (Note: Segment Information) (3M)
Q3-2024,reported_3M,Aviation Leasing,Asset sales revenue,34.953,2025-10-29 10-Q acc 0001590364-25-000041 acc 0001590364-25-000041 segment note (Note: Segment Information) (3M)
Q3-2024,reported_3M,Aerospace Products,Asset sales revenue,0.0,2025-10-29 10-Q acc 0001590364-25-000041 acc 0001590364-25-000041 segment note (Note: Segment Information) (3M)
Q3-2024,reported_3M,Corporate and Other,Asset sales revenue,0.0,2025-10-29 10-Q acc 0001590364-25-000041 acc 0001590364-25-000041 segment note (Note: Segment Information) (3M)
Q3-2024,reported_3M,Total,Asset sales revenue,34.953,2025-10-29 10-Q acc 0001590364-25-000041 acc 0001590364-25-000041 segment note (Note: Segment Information) (3M)
Q3-2024,reported_3M,Aviation Leasing,Other revenue,0.074,2025-10-29 10-Q acc 0001590364-25-000041 acc 0001590364-25-000041 segment note (Note: Segment Information) (3M)
Q3-2024,reported_3M,Aerospace Products,Other revenue,0.0,2025-10-29 10-Q acc 0001590364-25-000041 acc 0001590364-25-000041 segment note (Note: Segment Information) (3M)
Q3-2024,reported_3M,Corporate and Other,Other revenue,1.931,2025-10-29 10-Q acc 0001590364-25-000041 acc 0001590364-25-000041 segment note (Note: Segment Information) (3M)
Q3-2024,reported_3M,Total,Other revenue,2.005,2025-10-29 10-Q acc 0001590364-25-000041 acc 0001590364-25-000041 segment note (Note: Segment Information) (3M)
Q3-2024,reported_3M,Aviation Leasing,Total revenues,152.266,2025-10-29 10-Q acc 0001590364-25-000041 acc 0001590364-25-000041 segment note (Note: Segment Information) (3M)
Q3-2024,reported_3M,Aerospace Products,Total revenues,303.469,2025-10-29 10-Q acc 0001590364-25-000041 acc 0001590364-25-000041 segment note (Note: Segment Information) (3M)
Q3-2024,reported_3M,Corporate and Other,Total revenues,10.059,2025-10-29 10-Q acc 0001590364-25-000041 acc 0001590364-25-000041 segment note (Note: Segment Information) (3M)
Q3-2024,reported_3M,Total,Total revenues,465.794,2025-10-29 10-Q acc 0001590364-25-000041 acc 0001590364-25-000041 segment note (Note: Segment Information) (3M)
Q3-2024,reported_3M,Aviation Leasing,Cost of sales,20.684,2025-10-29 10-Q acc 0001590364-25-000041 acc 0001590364-25-000041 segment note (Note: Segment Information) (3M)
Q3-2024,reported_3M,Aerospace Products,Cost of sales,198.812,2025-10-29 10-Q acc 0001590364-25-000041 acc 0001590364-25-000041 segment note (Note: Segment Information) (3M)
Q3-2024,reported_3M,Corporate and Other,Cost of sales,0.0,2025-10-29 10-Q acc 0001590364-25-000041 acc 0001590364-25-000041 segment note (Note: Segment Information) (3M)
Q3-2024,reported_3M,Total,Cost of sales,219.496,2025-10-29 10-Q acc 0001590364-25-000041 acc 0001590364-25-000041 segment note (Note: Segment Information) (3M)
Q3-2024,reported_3M,Aviation Leasing,Operating expenses,9.995,2025-10-29 10-Q acc 0001590364-25-000041 acc 0001590364-25-000041 segment note (Note: Segment Information) (3M)
Q3-2024,reported_3M,Aerospace Products,Operating expenses,2.617,2025-10-29 10-Q acc 0001590364-25-000041 acc 0001590364-25-000041 segment note (Note: Segment Information) (3M)
Q3-2024,reported_3M,Corporate and Other,Operating expenses,14.246,2025-10-29 10-Q acc 0001590364-25-000041 acc 0001590364-25-000041 segment note (Note: Segment Information) (3M)
Q3-2024,reported_3M,Total,Operating expenses,26.858,2025-10-29 10-Q acc 0001590364-25-000041 acc 0001590364-25-000041 segment note (Note: Segment Information) (3M)
Q3-2024,reported_3M,Aviation Leasing,General and administrative,0.0,2025-10-29 10-Q acc 0001590364-25-000041 acc 0001590364-25-000041 segment note (Note: Segment Information) (3M)
Q3-2024,reported_3M,Aerospace Products,General and administrative,0.0,2025-10-29 10-Q acc 0001590364-25-000041 acc 0001590364-25-000041 segment note (Note: Segment Information) (3M)
Q3-2024,reported_3M,Corporate and Other,General and administrative,4.045,2025-10-29 10-Q acc 0001590364-25-000041 acc 0001590364-25-000041 segment note (Note: Segment Information) (3M)
Q3-2024,reported_3M,Total,General and administrative,4.045,2025-10-29 10-Q acc 0001590364-25-000041 acc 0001590364-25-000041 segment note (Note: Segment Information) (3M)
Q3-2024,reported_3M,Aviation Leasing,Acquisition and transaction expenses,2.62,2025-10-29 10-Q acc 0001590364-25-000041 acc 0001590364-25-000041 segment note (Note: Segment Information) (3M)
Q3-2024,reported_3M,Aerospace Products,Acquisition and transaction expenses,2.1,2025-10-29 10-Q acc 0001590364-25-000041 acc 0001590364-25-000041 segment note (Note: Segment Information) (3M)
Q3-2024,reported_3M,Corporate and Other,Acquisition and transaction expenses,4.621,2025-10-29 10-Q acc 0001590364-25-000041 acc 0001590364-25-000041 segment note (Note: Segment Information) (3M)
Q3-2024,reported_3M,Total,Acquisition and transaction expenses,9.341,2025-10-29 10-Q acc 0001590364-25-000041 acc 0001590364-25-000041 segment note (Note: Segment Information) (3M)
Q3-2024,reported_3M,Aviation Leasing,Depreciation and amortization,52.455,2025-10-29 10-Q acc 0001590364-25-000041 acc 0001590364-25-000041 segment note (Note: Segment Information) (3M)
Q3-2024,reported_3M,Aerospace Products,Depreciation and amortization,1.306,2025-10-29 10-Q acc 0001590364-25-000041 acc 0001590364-25-000041 segment note (Note: Segment Information) (3M)
Q3-2024,reported_3M,Corporate and Other,Depreciation and amortization,3.014,2025-10-29 10-Q acc 0001590364-25-000041 acc 0001590364-25-000041 segment note (Note: Segment Information) (3M)
Q3-2024,reported_3M,Total,Depreciation and amortization,56.775,2025-10-29 10-Q acc 0001590364-25-000041 acc 0001590364-25-000041 segment note (Note: Segment Information) (3M)
Q3-2024,reported_3M,Aviation Leasing,Total expenses,85.754,2025-10-29 10-Q acc 0001590364-25-000041 acc 0001590364-25-000041 segment note (Note: Segment Information) (3M)
Q3-2024,reported_3M,Aerospace Products,Total expenses,204.835,2025-10-29 10-Q acc 0001590364-25-000041 acc 0001590364-25-000041 segment note (Note: Segment Information) (3M)
Q3-2024,reported_3M,Corporate and Other,Total expenses,25.926,2025-10-29 10-Q acc 0001590364-25-000041 acc 0001590364-25-000041 segment note (Note: Segment Information) (3M)
Q3-2024,reported_3M,Total,Total expenses,316.515,2025-10-29 10-Q acc 0001590364-25-000041 acc 0001590364-25-000041 segment note (Note: Segment Information) (3M)
Q3-2024,reported_3M,Aviation Leasing,Interest expense,0.0,2025-10-29 10-Q acc 0001590364-25-000041 acc 0001590364-25-000041 segment note (Note: Segment Information) (3M)
Q3-2024,reported_3M,Aerospace Products,Interest expense,0.0,2025-10-29 10-Q acc 0001590364-25-000041 acc 0001590364-25-000041 segment note (Note: Segment Information) (3M)
Q3-2024,reported_3M,Corporate and Other,Interest expense,57.937,2025-10-29 10-Q acc 0001590364-25-000041 acc 0001590364-25-000041 segment note (Note: Segment Information) (3M)
Q3-2024,reported_3M,Total,Interest expense,57.937,2025-10-29 10-Q acc 0001590364-25-000041 acc 0001590364-25-000041 segment note (Note: Segment Information) (3M)
Q3-2024,reported_3M,Aviation Leasing,Equity in losses of unconsolidated entities,0.0,2025-10-29 10-Q acc 0001590364-25-000041 acc 0001590364-25-000041 segment note (Note: Segment Information) (3M)
Q3-2024,reported_3M,Aerospace Products,Equity in losses of unconsolidated entities,-0.438,2025-10-29 10-Q acc 0001590364-25-000041 acc 0001590364-25-000041 segment note (Note: Segment Information) (3M)
Q3-2024,reported_3M,Corporate and Other,Equity in losses of unconsolidated entities,0.0,2025-10-29 10-Q acc 0001590364-25-000041 acc 0001590364-25-000041 segment note (Note: Segment Information) (3M)
Q3-2024,reported_3M,Total,Equity in losses of unconsolidated entities,-0.438,2025-10-29 10-Q acc 0001590364-25-000041 acc 0001590364-25-000041 segment note (Note: Segment Information) (3M)
Q3-2024,reported_3M,Aviation Leasing,Other income,1.982,2025-10-29 10-Q acc 0001590364-25-000041 acc 0001590364-25-000041 segment note (Note: Segment Information) (3M)
Q3-2024,reported_3M,Aerospace Products,Other income,0.0,2025-10-29 10-Q acc 0001590364-25-000041 acc 0001590364-25-000041 segment note (Note: Segment Information) (3M)
Q3-2024,reported_3M,Corporate and Other,Other income,0.927,2025-10-29 10-Q acc 0001590364-25-000041 acc 0001590364-25-000041 segment note (Note: Segment Information) (3M)
Q3-2024,reported_3M,Total,Other income,2.909,2025-10-29 10-Q acc 0001590364-25-000041 acc 0001590364-25-000041 segment note (Note: Segment Information) (3M)
Q3-2024,reported_3M,Aviation Leasing,Total other expense,1.982,2025-10-29 10-Q acc 0001590364-25-000041 acc 0001590364-25-000041 segment note (Note: Segment Information) (3M)
Q3-2024,reported_3M,Aerospace Products,Total other expense,-0.438,2025-10-29 10-Q acc 0001590364-25-000041 acc 0001590364-25-000041 segment note (Note: Segment Information) (3M)
Q3-2024,reported_3M,Corporate and Other,Total other expense,-57.01,2025-10-29 10-Q acc 0001590364-25-000041 acc 0001590364-25-000041 segment note (Note: Segment Information) (3M)
Q3-2024,reported_3M,Total,Total other expense,-55.466,2025-10-29 10-Q acc 0001590364-25-000041 acc 0001590364-25-000041 segment note (Note: Segment Information) (3M)
Q3-2024,reported_3M,Aviation Leasing,Income (loss) before income taxes,68.494,2025-10-29 10-Q acc 0001590364-25-000041 acc 0001590364-25-000041 segment note (Note: Segment Information) (3M)
Q3-2024,reported_3M,Aerospace Products,Income (loss) before income taxes,98.196,2025-10-29 10-Q acc 0001590364-25-000041 acc 0001590364-25-000041 segment note (Note: Segment Information) (3M)
Q3-2024,reported_3M,Corporate and Other,Income (loss) before income taxes,-72.877,2025-10-29 10-Q acc 0001590364-25-000041 acc 0001590364-25-000041 segment note (Note: Segment Information) (3M)
Q3-2024,reported_3M,Total,Income (loss) before income taxes,93.813,2025-10-29 10-Q acc 0001590364-25-000041 acc 0001590364-25-000041 segment note (Note: Segment Information) (3M)
Q3-2024,reported_3M,Aviation Leasing,Provision for (benefit from) income taxes,8.898,2025-10-29 10-Q acc 0001590364-25-000041 acc 0001590364-25-000041 segment note (Note: Segment Information) (3M)
Q3-2024,reported_3M,Aerospace Products,Provision for (benefit from) income taxes,4.408,2025-10-29 10-Q acc 0001590364-25-000041 acc 0001590364-25-000041 segment note (Note: Segment Information) (3M)
Q3-2024,reported_3M,Corporate and Other,Provision for (benefit from) income taxes,-5.975,2025-10-29 10-Q acc 0001590364-25-000041 acc 0001590364-25-000041 segment note (Note: Segment Information) (3M)
Q3-2024,reported_3M,Total,Provision for (benefit from) income taxes,7.331,2025-10-29 10-Q acc 0001590364-25-000041 acc 0001590364-25-000041 segment note (Note: Segment Information) (3M)
Q3-2024,reported_3M,Aviation Leasing,Net income (loss),59.596,2025-10-29 10-Q acc 0001590364-25-000041 acc 0001590364-25-000041 segment note (Note: Segment Information) (3M)
Q3-2024,reported_3M,Aerospace Products,Net income (loss),93.788,2025-10-29 10-Q acc 0001590364-25-000041 acc 0001590364-25-000041 segment note (Note: Segment Information) (3M)
Q3-2024,reported_3M,Corporate and Other,Net income (loss),-66.902,2025-10-29 10-Q acc 0001590364-25-000041 acc 0001590364-25-000041 segment note (Note: Segment Information) (3M)
Q3-2024,reported_3M,Total,Net income (loss),86.482,2025-10-29 10-Q acc 0001590364-25-000041 acc 0001590364-25-000041 segment note (Note: Segment Information) (3M)
Q4-2024,derived_FY_less_9M,Aerospace Products,Aerospace products revenue,342.095,FY from 2026-02-27 10-K acc 0001628280-26-012940 acc 0001628280-26-012940; 9M from 2025-10-29 10-Q acc 0001590364-25-000041 acc 0001590364-25-000041 (recast vintage)
Q4-2024,derived_FY_less_9M,Aviation Leasing,Aerospace products revenue,0.0,FY from 2026-02-27 10-K acc 0001628280-26-012940 acc 0001628280-26-012940; 9M from 2025-10-29 10-Q acc 0001590364-25-000041 acc 0001590364-25-000041 (recast vintage)
Q4-2024,derived_FY_less_9M,Corporate and Other,Aerospace products revenue,0.0,FY from 2026-02-27 10-K acc 0001628280-26-012940 acc 0001628280-26-012940; 9M from 2025-10-29 10-Q acc 0001590364-25-000041 acc 0001590364-25-000041 (recast vintage)
Q4-2024,derived_FY_less_9M,Total,Aerospace products revenue,342.095,FY from 2026-02-27 10-K acc 0001628280-26-012940 acc 0001628280-26-012940; 9M from 2025-10-29 10-Q acc 0001590364-25-000041 acc 0001590364-25-000041 (recast vintage)
Q4-2024,derived_FY_less_9M,Aerospace Products,Lease income,0.0,FY from 2026-02-27 10-K acc 0001628280-26-012940 acc 0001628280-26-012940; 9M from 2025-10-29 10-Q acc 0001590364-25-000041 acc 0001590364-25-000041 (recast vintage)
Q4-2024,derived_FY_less_9M,Aviation Leasing,Lease income,65.484,FY from 2026-02-27 10-K acc 0001628280-26-012940 acc 0001628280-26-012940; 9M from 2025-10-29 10-Q acc 0001590364-25-000041 acc 0001590364-25-000041 (recast vintage)
Q4-2024,derived_FY_less_9M,Corporate and Other,Lease income,0.489,FY from 2026-02-27 10-K acc 0001628280-26-012940 acc 0001628280-26-012940; 9M from 2025-10-29 10-Q acc 0001590364-25-000041 acc 0001590364-25-000041 (recast vintage)
Q4-2024,derived_FY_less_9M,Total,Lease income,65.973,FY from 2026-02-27 10-K acc 0001628280-26-012940 acc 0001628280-26-012940; 9M from 2025-10-29 10-Q acc 0001590364-25-000041 acc 0001590364-25-000041 (recast vintage)
Q4-2024,derived_FY_less_9M,Aerospace Products,Maintenance revenue,0.0,FY from 2026-02-27 10-K acc 0001628280-26-012940 acc 0001628280-26-012940; 9M from 2025-10-29 10-Q acc 0001590364-25-000041 acc 0001590364-25-000041 (recast vintage)
Q4-2024,derived_FY_less_9M,Aviation Leasing,Maintenance revenue,43.915,FY from 2026-02-27 10-K acc 0001628280-26-012940 acc 0001628280-26-012940; 9M from 2025-10-29 10-Q acc 0001590364-25-000041 acc 0001590364-25-000041 (recast vintage)
Q4-2024,derived_FY_less_9M,Corporate and Other,Maintenance revenue,0.0,FY from 2026-02-27 10-K acc 0001628280-26-012940 acc 0001628280-26-012940; 9M from 2025-10-29 10-Q acc 0001590364-25-000041 acc 0001590364-25-000041 (recast vintage)
Q4-2024,derived_FY_less_9M,Total,Maintenance revenue,43.915,FY from 2026-02-27 10-K acc 0001628280-26-012940 acc 0001628280-26-012940; 9M from 2025-10-29 10-Q acc 0001590364-25-000041 acc 0001590364-25-000041 (recast vintage)
Q4-2024,derived_FY_less_9M,Aerospace Products,Asset sales revenue,0.0,FY from 2026-02-27 10-K acc 0001628280-26-012940 acc 0001628280-26-012940; 9M from 2025-10-29 10-Q acc 0001590364-25-000041 acc 0001590364-25-000041 (recast vintage)
Q4-2024,derived_FY_less_9M,Aviation Leasing,Asset sales revenue,46.183,FY from 2026-02-27 10-K acc 0001628280-26-012940 acc 0001628280-26-012940; 9M from 2025-10-29 10-Q acc 0001590364-25-000041 acc 0001590364-25-000041 (recast vintage)
Q4-2024,derived_FY_less_9M,Corporate and Other,Asset sales revenue,0.0,FY from 2026-02-27 10-K acc 0001628280-26-012940 acc 0001628280-26-012940; 9M from 2025-10-29 10-Q acc 0001590364-25-000041 acc 0001590364-25-000041 (recast vintage)
Q4-2024,derived_FY_less_9M,Total,Asset sales revenue,46.183,FY from 2026-02-27 10-K acc 0001628280-26-012940 acc 0001628280-26-012940; 9M from 2025-10-29 10-Q acc 0001590364-25-000041 acc 0001590364-25-000041 (recast vintage)
Q4-2024,derived_FY_less_9M,Aerospace Products,Other revenue,0.0,FY from 2026-02-27 10-K acc 0001628280-26-012940 acc 0001628280-26-012940; 9M from 2025-10-29 10-Q acc 0001590364-25-000041 acc 0001590364-25-000041 (recast vintage)
Q4-2024,derived_FY_less_9M,Aviation Leasing,Other revenue,0.842,FY from 2026-02-27 10-K acc 0001628280-26-012940 acc 0001628280-26-012940; 9M from 2025-10-29 10-Q acc 0001590364-25-000041 acc 0001590364-25-000041 (recast vintage)
Q4-2024,derived_FY_less_9M,Corporate and Other,Other revenue,-0.189,FY from 2026-02-27 10-K acc 0001628280-26-012940 acc 0001628280-26-012940; 9M from 2025-10-29 10-Q acc 0001590364-25-000041 acc 0001590364-25-000041 (recast vintage)
Q4-2024,derived_FY_less_9M,Total,Other revenue,0.653,FY from 2026-02-27 10-K acc 0001628280-26-012940 acc 0001628280-26-012940; 9M from 2025-10-29 10-Q acc 0001590364-25-000041 acc 0001590364-25-000041 (recast vintage)
Q4-2024,derived_FY_less_9M,Aerospace Products,Total revenues,342.095,FY from 2026-02-27 10-K acc 0001628280-26-012940 acc 0001628280-26-012940; 9M from 2025-10-29 10-Q acc 0001590364-25-000041 acc 0001590364-25-000041 (recast vintage)
Q4-2024,derived_FY_less_9M,Aviation Leasing,Total revenues,156.424,FY from 2026-02-27 10-K acc 0001628280-26-012940 acc 0001628280-26-012940; 9M from 2025-10-29 10-Q acc 0001590364-25-000041 acc 0001590364-25-000041 (recast vintage)
Q4-2024,derived_FY_less_9M,Corporate and Other,Total revenues,0.3,FY from 2026-02-27 10-K acc 0001628280-26-012940 acc 0001628280-26-012940; 9M from 2025-10-29 10-Q acc 0001590364-25-000041 acc 0001590364-25-000041 (recast vintage)
Q4-2024,derived_FY_less_9M,Total,Total revenues,498.819,FY from 2026-02-27 10-K acc 0001628280-26-012940 acc 0001628280-26-012940; 9M from 2025-10-29 10-Q acc 0001590364-25-000041 acc 0001590364-25-000041 (recast vintage)
Q4-2024,derived_FY_less_9M,Aerospace Products,Cost of sales,217.292,FY from 2026-02-27 10-K acc 0001628280-26-012940 acc 0001628280-26-012940; 9M from 2025-10-29 10-Q acc 0001590364-25-000041 acc 0001590364-25-000041 (recast vintage)
Q4-2024,derived_FY_less_9M,Aviation Leasing,Cost of sales,40.435,FY from 2026-02-27 10-K acc 0001628280-26-012940 acc 0001628280-26-012940; 9M from 2025-10-29 10-Q acc 0001590364-25-000041 acc 0001590364-25-000041 (recast vintage)
Q4-2024,derived_FY_less_9M,Corporate and Other,Cost of sales,0.0,FY from 2026-02-27 10-K acc 0001628280-26-012940 acc 0001628280-26-012940; 9M from 2025-10-29 10-Q acc 0001590364-25-000041 acc 0001590364-25-000041 (recast vintage)
Q4-2024,derived_FY_less_9M,Total,Cost of sales,257.727,FY from 2026-02-27 10-K acc 0001628280-26-012940 acc 0001628280-26-012940; 9M from 2025-10-29 10-Q acc 0001590364-25-000041 acc 0001590364-25-000041 (recast vintage)
Q4-2024,derived_FY_less_9M,Aerospace Products,Operating expenses,7.308,FY from 2026-02-27 10-K acc 0001628280-26-012940 acc 0001628280-26-012940; 9M from 2025-10-29 10-Q acc 0001590364-25-000041 acc 0001590364-25-000041 (recast vintage)
Q4-2024,derived_FY_less_9M,Aviation Leasing,Operating expenses,8.511,FY from 2026-02-27 10-K acc 0001628280-26-012940 acc 0001628280-26-012940; 9M from 2025-10-29 10-Q acc 0001590364-25-000041 acc 0001590364-25-000041 (recast vintage)
Q4-2024,derived_FY_less_9M,Corporate and Other,Operating expenses,18.768,FY from 2026-02-27 10-K acc 0001628280-26-012940 acc 0001628280-26-012940; 9M from 2025-10-29 10-Q acc 0001590364-25-000041 acc 0001590364-25-000041 (recast vintage)
Q4-2024,derived_FY_less_9M,Total,Operating expenses,34.587,FY from 2026-02-27 10-K acc 0001628280-26-012940 acc 0001628280-26-012940; 9M from 2025-10-29 10-Q acc 0001590364-25-000041 acc 0001590364-25-000041 (recast vintage)
Q4-2024,derived_FY_less_9M,Aerospace Products,General and administrative,0.0,FY from 2026-02-27 10-K acc 0001628280-26-012940 acc 0001628280-26-012940; 9M from 2025-10-29 10-Q acc 0001590364-25-000041 acc 0001590364-25-000041 (recast vintage)
Q4-2024,derived_FY_less_9M,Aviation Leasing,General and administrative,0.0,FY from 2026-02-27 10-K acc 0001628280-26-012940 acc 0001628280-26-012940; 9M from 2025-10-29 10-Q acc 0001590364-25-000041 acc 0001590364-25-000041 (recast vintage)
Q4-2024,derived_FY_less_9M,Corporate and Other,General and administrative,3.566,FY from 2026-02-27 10-K acc 0001628280-26-012940 acc 0001628280-26-012940; 9M from 2025-10-29 10-Q acc 0001590364-25-000041 acc 0001590364-25-000041 (recast vintage)
Q4-2024,derived_FY_less_9M,Total,General and administrative,3.566,FY from 2026-02-27 10-K acc 0001628280-26-012940 acc 0001628280-26-012940; 9M from 2025-10-29 10-Q acc 0001590364-25-000041 acc 0001590364-25-000041 (recast vintage)
Q4-2024,derived_FY_less_9M,Aerospace Products,Acquisition and transaction expenses,2.035,FY from 2026-02-27 10-K acc 0001628280-26-012940 acc 0001628280-26-012940; 9M from 2025-10-29 10-Q acc 0001590364-25-000041 acc 0001590364-25-000041 (recast vintage)
Q4-2024,derived_FY_less_9M,Aviation Leasing,Acquisition and transaction expenses,2.39,FY from 2026-02-27 10-K acc 0001628280-26-012940 acc 0001628280-26-012940; 9M from 2025-10-29 10-Q acc 0001590364-25-000041 acc 0001590364-25-000041 (recast vintage)
Q4-2024,derived_FY_less_9M,Corporate and Other,Acquisition and transaction expenses,4.332,FY from 2026-02-27 10-K acc 0001628280-26-012940 acc 0001628280-26-012940; 9M from 2025-10-29 10-Q acc 0001590364-25-000041 acc 0001590364-25-000041 (recast vintage)
Q4-2024,derived_FY_less_9M,Total,Acquisition and transaction expenses,8.757,FY from 2026-02-27 10-K acc 0001628280-26-012940 acc 0001628280-26-012940; 9M from 2025-10-29 10-Q acc 0001590364-25-000041 acc 0001590364-25-000041 (recast vintage)
Q4-2024,derived_FY_less_9M,Aerospace Products,Management fees and incentive allocation to affiliate,0.0,FY from 2026-02-27 10-K acc 0001628280-26-012940 acc 0001628280-26-012940; 9M from 2025-10-29 10-Q acc 0001590364-25-000041 acc 0001590364-25-000041 (recast vintage)
Q4-2024,derived_FY_less_9M,Aviation Leasing,Management fees and incentive allocation to affiliate,0.0,FY from 2026-02-27 10-K acc 0001628280-26-012940 acc 0001628280-26-012940; 9M from 2025-10-29 10-Q acc 0001590364-25-000041 acc 0001590364-25-000041 (recast vintage)
Q4-2024,derived_FY_less_9M,Corporate and Other,Management fees and incentive allocation to affiliate,0.0,FY from 2026-02-27 10-K acc 0001628280-26-012940 acc 0001628280-26-012940; 9M from 2025-10-29 10-Q acc 0001590364-25-000041 acc 0001590364-25-000041 (recast vintage)
Q4-2024,derived_FY_less_9M,Total,Management fees and incentive allocation to affiliate,0.0,FY from 2026-02-27 10-K acc 0001628280-26-012940 acc 0001628280-26-012940; 9M from 2025-10-29 10-Q acc 0001590364-25-000041 acc 0001590364-25-000041 (recast vintage)
Q4-2024,derived_FY_less_9M,Aerospace Products,Internalization fee to affiliate,0.0,FY from 2026-02-27 10-K acc 0001628280-26-012940 acc 0001628280-26-012940; 9M from 2025-10-29 10-Q acc 0001590364-25-000041 acc 0001590364-25-000041 (recast vintage)
Q4-2024,derived_FY_less_9M,Aviation Leasing,Internalization fee to affiliate,0.0,FY from 2026-02-27 10-K acc 0001628280-26-012940 acc 0001628280-26-012940; 9M from 2025-10-29 10-Q acc 0001590364-25-000041 acc 0001590364-25-000041 (recast vintage)
Q4-2024,derived_FY_less_9M,Corporate and Other,Internalization fee to affiliate,0.0,FY from 2026-02-27 10-K acc 0001628280-26-012940 acc 0001628280-26-012940; 9M from 2025-10-29 10-Q acc 0001590364-25-000041 acc 0001590364-25-000041 (recast vintage)
Q4-2024,derived_FY_less_9M,Total,Internalization fee to affiliate,0.0,FY from 2026-02-27 10-K acc 0001628280-26-012940 acc 0001628280-26-012940; 9M from 2025-10-29 10-Q acc 0001590364-25-000041 acc 0001590364-25-000041 (recast vintage)
Q4-2024,derived_FY_less_9M,Aerospace Products,Depreciation and amortization,3.453,FY from 2026-02-27 10-K acc 0001628280-26-012940 acc 0001628280-26-012940; 9M from 2025-10-29 10-Q acc 0001590364-25-000041 acc 0001590364-25-000041 (recast vintage)
Q4-2024,derived_FY_less_9M,Aviation Leasing,Depreciation and amortization,50.286,FY from 2026-02-27 10-K acc 0001628280-26-012940 acc 0001628280-26-012940; 9M from 2025-10-29 10-Q acc 0001590364-25-000041 acc 0001590364-25-000041 (recast vintage)
Q4-2024,derived_FY_less_9M,Corporate and Other,Depreciation and amortization,0.939,FY from 2026-02-27 10-K acc 0001628280-26-012940 acc 0001628280-26-012940; 9M from 2025-10-29 10-Q acc 0001590364-25-000041 acc 0001590364-25-000041 (recast vintage)
Q4-2024,derived_FY_less_9M,Total,Depreciation and amortization,54.678,FY from 2026-02-27 10-K acc 0001628280-26-012940 acc 0001628280-26-012940; 9M from 2025-10-29 10-Q acc 0001590364-25-000041 acc 0001590364-25-000041 (recast vintage)
Q4-2024,derived_FY_less_9M,Aerospace Products,Asset impairment,0.0,FY from 2026-02-27 10-K acc 0001628280-26-012940 acc 0001628280-26-012940; 9M from 2025-10-29 10-Q acc 0001590364-25-000041 acc 0001590364-25-000041 (recast vintage)
Q4-2024,derived_FY_less_9M,Aviation Leasing,Asset impairment,0.0,FY from 2026-02-27 10-K acc 0001628280-26-012940 acc 0001628280-26-012940; 9M from 2025-10-29 10-Q acc 0001590364-25-000041 acc 0001590364-25-000041 (recast vintage)
Q4-2024,derived_FY_less_9M,Corporate and Other,Asset impairment,0.0,FY from 2026-02-27 10-K acc 0001628280-26-012940 acc 0001628280-26-012940; 9M from 2025-10-29 10-Q acc 0001590364-25-000041 acc 0001590364-25-000041 (recast vintage)
Q4-2024,derived_FY_less_9M,Total,Asset impairment,0.0,FY from 2026-02-27 10-K acc 0001628280-26-012940 acc 0001628280-26-012940; 9M from 2025-10-29 10-Q acc 0001590364-25-000041 acc 0001590364-25-000041 (recast vintage)
Q4-2024,derived_FY_less_9M,Aerospace Products,"Gain on sale of assets, net",0.0,FY from 2026-02-27 10-K acc 0001628280-26-012940 acc 0001628280-26-012940; 9M from 2025-10-29 10-Q acc 0001590364-25-000041 acc 0001590364-25-000041 (recast vintage)
Q4-2024,derived_FY_less_9M,Aviation Leasing,"Gain on sale of assets, net",0.0,FY from 2026-02-27 10-K acc 0001628280-26-012940 acc 0001628280-26-012940; 9M from 2025-10-29 10-Q acc 0001590364-25-000041 acc 0001590364-25-000041 (recast vintage)
Q4-2024,derived_FY_less_9M,Corporate and Other,"Gain on sale of assets, net",-18.705,FY from 2026-02-27 10-K acc 0001628280-26-012940 acc 0001628280-26-012940; 9M from 2025-10-29 10-Q acc 0001590364-25-000041 acc 0001590364-25-000041 (recast vintage)
Q4-2024,derived_FY_less_9M,Total,"Gain on sale of assets, net",-18.705,FY from 2026-02-27 10-K acc 0001628280-26-012940 acc 0001628280-26-012940; 9M from 2025-10-29 10-Q acc 0001590364-25-000041 acc 0001590364-25-000041 (recast vintage)
Q4-2024,derived_FY_less_9M,Aerospace Products,Total expenses,230.088,FY from 2026-02-27 10-K acc 0001628280-26-012940 acc 0001628280-26-012940; 9M from 2025-10-29 10-Q acc 0001590364-25-000041 acc 0001590364-25-000041 (recast vintage)
Q4-2024,derived_FY_less_9M,Aviation Leasing,Total expenses,101.622,FY from 2026-02-27 10-K acc 0001628280-26-012940 acc 0001628280-26-012940; 9M from 2025-10-29 10-Q acc 0001590364-25-000041 acc 0001590364-25-000041 (recast vintage)
Q4-2024,derived_FY_less_9M,Corporate and Other,Total expenses,8.9,FY from 2026-02-27 10-K acc 0001628280-26-012940 acc 0001628280-26-012940; 9M from 2025-10-29 10-Q acc 0001590364-25-000041 acc 0001590364-25-000041 (recast vintage)
Q4-2024,derived_FY_less_9M,Total,Total expenses,340.61,FY from 2026-02-27 10-K acc 0001628280-26-012940 acc 0001628280-26-012940; 9M from 2025-10-29 10-Q acc 0001590364-25-000041 acc 0001590364-25-000041 (recast vintage)
Q4-2024,derived_FY_less_9M,Aerospace Products,Equity in losses of unconsolidated entities,-0.401,FY from 2026-02-27 10-K acc 0001628280-26-012940 acc 0001628280-26-012940; 9M from 2025-10-29 10-Q acc 0001590364-25-000041 acc 0001590364-25-000041 (recast vintage)
Q4-2024,derived_FY_less_9M,Aviation Leasing,Equity in losses of unconsolidated entities,0.0,FY from 2026-02-27 10-K acc 0001628280-26-012940 acc 0001628280-26-012940; 9M from 2025-10-29 10-Q acc 0001590364-25-000041 acc 0001590364-25-000041 (recast vintage)
Q4-2024,derived_FY_less_9M,Corporate and Other,Equity in losses of unconsolidated entities,0.0,FY from 2026-02-27 10-K acc 0001628280-26-012940 acc 0001628280-26-012940; 9M from 2025-10-29 10-Q acc 0001590364-25-000041 acc 0001590364-25-000041 (recast vintage)
Q4-2024,derived_FY_less_9M,Total,Equity in losses of unconsolidated entities,-0.401,FY from 2026-02-27 10-K acc 0001628280-26-012940 acc 0001628280-26-012940; 9M from 2025-10-29 10-Q acc 0001590364-25-000041 acc 0001590364-25-000041 (recast vintage)
Q4-2024,derived_FY_less_9M,Aerospace Products,Interest expense,0.0,FY from 2026-02-27 10-K acc 0001628280-26-012940 acc 0001628280-26-012940; 9M from 2025-10-29 10-Q acc 0001590364-25-000041 acc 0001590364-25-000041 (recast vintage)
Q4-2024,derived_FY_less_9M,Aviation Leasing,Interest expense,0.0,FY from 2026-02-27 10-K acc 0001628280-26-012940 acc 0001628280-26-012940; 9M from 2025-10-29 10-Q acc 0001590364-25-000041 acc 0001590364-25-000041 (recast vintage)
Q4-2024,derived_FY_less_9M,Corporate and Other,Interest expense,60.881,FY from 2026-02-27 10-K acc 0001628280-26-012940 acc 0001628280-26-012940; 9M from 2025-10-29 10-Q acc 0001590364-25-000041 acc 0001590364-25-000041 (recast vintage)
Q4-2024,derived_FY_less_9M,Total,Interest expense,60.881,FY from 2026-02-27 10-K acc 0001628280-26-012940 acc 0001628280-26-012940; 9M from 2025-10-29 10-Q acc 0001590364-25-000041 acc 0001590364-25-000041 (recast vintage)
Q4-2024,derived_FY_less_9M,Aerospace Products,Loss on extinguishment of debt,0.0,FY from 2026-02-27 10-K acc 0001628280-26-012940 acc 0001628280-26-012940; 9M from 2025-10-29 10-Q acc 0001590364-25-000041 acc 0001590364-25-000041 (recast vintage)
Q4-2024,derived_FY_less_9M,Aviation Leasing,Loss on extinguishment of debt,0.0,FY from 2026-02-27 10-K acc 0001628280-26-012940 acc 0001628280-26-012940; 9M from 2025-10-29 10-Q acc 0001590364-25-000041 acc 0001590364-25-000041 (recast vintage)
Q4-2024,derived_FY_less_9M,Corporate and Other,Loss on extinguishment of debt,-3.181,FY from 2026-02-27 10-K acc 0001628280-26-012940 acc 0001628280-26-012940; 9M from 2025-10-29 10-Q acc 0001590364-25-000041 acc 0001590364-25-000041 (recast vintage)
Q4-2024,derived_FY_less_9M,Total,Loss on extinguishment of debt,-3.181,FY from 2026-02-27 10-K acc 0001628280-26-012940 acc 0001628280-26-012940; 9M from 2025-10-29 10-Q acc 0001590364-25-000041 acc 0001590364-25-000041 (recast vintage)
Q4-2024,derived_FY_less_9M,Aerospace Products,Other income,0.0,FY from 2026-02-27 10-K acc 0001628280-26-012940 acc 0001628280-26-012940; 9M from 2025-10-29 10-Q acc 0001590364-25-000041 acc 0001590364-25-000041 (recast vintage)
Q4-2024,derived_FY_less_9M,Aviation Leasing,Other income,13.229,FY from 2026-02-27 10-K acc 0001628280-26-012940 acc 0001628280-26-012940; 9M from 2025-10-29 10-Q acc 0001590364-25-000041 acc 0001590364-25-000041 (recast vintage)
Q4-2024,derived_FY_less_9M,Corporate and Other,Other income,1.09,FY from 2026-02-27 10-K acc 0001628280-26-012940 acc 0001628280-26-012940; 9M from 2025-10-29 10-Q acc 0001590364-25-000041 acc 0001590364-25-000041 (recast vintage)
Q4-2024,derived_FY_less_9M,Total,Other income,14.319,FY from 2026-02-27 10-K acc 0001628280-26-012940 acc 0001628280-26-012940; 9M from 2025-10-29 10-Q acc 0001590364-25-000041 acc 0001590364-25-000041 (recast vintage)
Q4-2024,derived_FY_less_9M,Aerospace Products,Total other income (expense),-1.993,FY from 2026-02-27 10-K acc 0001628280-26-012940 acc 0001628280-26-012940; 9M from 2025-10-29 10-Q acc 0001590364-25-000041 acc 0001590364-25-000041 (recast vintage)
Q4-2024,derived_FY_less_9M,Aviation Leasing,Total other income (expense),14.462,FY from 2026-02-27 10-K acc 0001628280-26-012940 acc 0001628280-26-012940; 9M from 2025-10-29 10-Q acc 0001590364-25-000041 acc 0001590364-25-000041 (recast vintage)
Q4-2024,derived_FY_less_9M,Corporate and Other,Total other income (expense),-236.127,FY from 2026-02-27 10-K acc 0001628280-26-012940 acc 0001628280-26-012940; 9M from 2025-10-29 10-Q acc 0001590364-25-000041 acc 0001590364-25-000041 (recast vintage)
Q4-2024,derived_FY_less_9M,Total,Total other income (expense),-223.658,FY from 2026-02-27 10-K acc 0001628280-26-012940 acc 0001628280-26-012940; 9M from 2025-10-29 10-Q acc 0001590364-25-000041 acc 0001590364-25-000041 (recast vintage)
Q4-2024,derived_FY_less_9M,Aerospace Products,Income (loss) from continuing operations before income taxes,368.567,FY from 2026-02-27 10-K acc 0001628280-26-012940 acc 0001628280-26-012940; 9M from 2025-10-29 10-Q acc 0001590364-25-000041 acc 0001590364-25-000041 (recast vintage)
Q4-2024,derived_FY_less_9M,Aviation Leasing,Income (loss) from continuing operations before income taxes,243.228,FY from 2026-02-27 10-K acc 0001628280-26-012940 acc 0001628280-26-012940; 9M from 2025-10-29 10-Q acc 0001590364-25-000041 acc 0001590364-25-000041 (recast vintage)
Q4-2024,derived_FY_less_9M,Corporate and Other,Income (loss) from continuing operations before income taxes,-597.626,FY from 2026-02-27 10-K acc 0001628280-26-012940 acc 0001628280-26-012940; 9M from 2025-10-29 10-Q acc 0001590364-25-000041 acc 0001590364-25-000041 (recast vintage)
Q4-2024,derived_FY_less_9M,Total,Income (loss) from continuing operations before income taxes,14.169,FY from 2026-02-27 10-K acc 0001628280-26-012940 acc 0001628280-26-012940; 9M from 2025-10-29 10-Q acc 0001590364-25-000041 acc 0001590364-25-000041 (recast vintage)
Q4-2024,derived_FY_less_9M,Aerospace Products,Net income (loss) from continuing operations,346.346,FY from 2026-02-27 10-K acc 0001628280-26-012940 acc 0001628280-26-012940; 9M from 2025-10-29 10-Q acc 0001590364-25-000041 acc 0001590364-25-000041 (recast vintage)
Q4-2024,derived_FY_less_9M,Aviation Leasing,Net income (loss) from continuing operations,210.249,FY from 2026-02-27 10-K acc 0001628280-26-012940 acc 0001628280-26-012940; 9M from 2025-10-29 10-Q acc 0001590364-25-000041 acc 0001590364-25-000041 (recast vintage)
Q4-2024,derived_FY_less_9M,Corporate and Other,Net income (loss) from continuing operations,-547.913,FY from 2026-02-27 10-K acc 0001628280-26-012940 acc 0001628280-26-012940; 9M from 2025-10-29 10-Q acc 0001590364-25-000041 acc 0001590364-25-000041 (recast vintage)
Q4-2024,derived_FY_less_9M,Total,Net income (loss) from continuing operations,8.682,FY from 2026-02-27 10-K acc 0001628280-26-012940 acc 0001628280-26-012940; 9M from 2025-10-29 10-Q acc 0001590364-25-000041 acc 0001590364-25-000041 (recast vintage)
Q1-2025,reported_3M,Aerospace Products,Aerospace products revenue,264.425,2026-05-01 10-Q acc 0001628280-26-029335 acc 0001628280-26-029335 segment note (Note: Segment Information) (3M)
Q1-2025,reported_3M,Aviation Leasing,Aerospace products revenue,0.0,2026-05-01 10-Q acc 0001628280-26-029335 acc 0001628280-26-029335 segment note (Note: Segment Information) (3M)
Q1-2025,reported_3M,Corporate and Other,Aerospace products revenue,0.0,2026-05-01 10-Q acc 0001628280-26-029335 acc 0001628280-26-029335 segment note (Note: Segment Information) (3M)
Q1-2025,reported_3M,Eliminations,Aerospace products revenue,0.0,2026-05-01 10-Q acc 0001628280-26-029335 acc 0001628280-26-029335 segment note (Note: Segment Information) (3M)
Q1-2025,reported_3M,Total,Aerospace products revenue,264.425,2026-05-01 10-Q acc 0001628280-26-029335 acc 0001628280-26-029335 segment note (Note: Segment Information) (3M)
Q1-2025,reported_3M,Aerospace Products,MRE Contract revenue,100.638,2026-05-01 10-Q acc 0001628280-26-029335 acc 0001628280-26-029335 segment note (Note: Segment Information) (3M)
Q1-2025,reported_3M,Aviation Leasing,MRE Contract revenue,0.0,2026-05-01 10-Q acc 0001628280-26-029335 acc 0001628280-26-029335 segment note (Note: Segment Information) (3M)
Q1-2025,reported_3M,Corporate and Other,MRE Contract revenue,0.0,2026-05-01 10-Q acc 0001628280-26-029335 acc 0001628280-26-029335 segment note (Note: Segment Information) (3M)
Q1-2025,reported_3M,Eliminations,MRE Contract revenue,0.0,2026-05-01 10-Q acc 0001628280-26-029335 acc 0001628280-26-029335 segment note (Note: Segment Information) (3M)
Q1-2025,reported_3M,Total,MRE Contract revenue,100.638,2026-05-01 10-Q acc 0001628280-26-029335 acc 0001628280-26-029335 segment note (Note: Segment Information) (3M)
Q1-2025,reported_3M,Aerospace Products,Lease income,0.0,2026-05-01 10-Q acc 0001628280-26-029335 acc 0001628280-26-029335 segment note (Note: Segment Information) (3M)
Q1-2025,reported_3M,Aviation Leasing,Lease income,68.44,2026-05-01 10-Q acc 0001628280-26-029335 acc 0001628280-26-029335 segment note (Note: Segment Information) (3M)
Q1-2025,reported_3M,Corporate and Other,Lease income,0.0,2026-05-01 10-Q acc 0001628280-26-029335 acc 0001628280-26-029335 segment note (Note: Segment Information) (3M)
Q1-2025,reported_3M,Eliminations,Lease income,0.0,2026-05-01 10-Q acc 0001628280-26-029335 acc 0001628280-26-029335 segment note (Note: Segment Information) (3M)
Q1-2025,reported_3M,Total,Lease income,68.44,2026-05-01 10-Q acc 0001628280-26-029335 acc 0001628280-26-029335 segment note (Note: Segment Information) (3M)
Q1-2025,reported_3M,Aerospace Products,Maintenance revenue,0.0,2026-05-01 10-Q acc 0001628280-26-029335 acc 0001628280-26-029335 segment note (Note: Segment Information) (3M)
Q1-2025,reported_3M,Aviation Leasing,Maintenance revenue,49.607,2026-05-01 10-Q acc 0001628280-26-029335 acc 0001628280-26-029335 segment note (Note: Segment Information) (3M)
Q1-2025,reported_3M,Corporate and Other,Maintenance revenue,0.0,2026-05-01 10-Q acc 0001628280-26-029335 acc 0001628280-26-029335 segment note (Note: Segment Information) (3M)
Q1-2025,reported_3M,Eliminations,Maintenance revenue,0.0,2026-05-01 10-Q acc 0001628280-26-029335 acc 0001628280-26-029335 segment note (Note: Segment Information) (3M)
Q1-2025,reported_3M,Total,Maintenance revenue,49.607,2026-05-01 10-Q acc 0001628280-26-029335 acc 0001628280-26-029335 segment note (Note: Segment Information) (3M)
Q1-2025,reported_3M,Aerospace Products,Asset sales revenue,0.0,2026-05-01 10-Q acc 0001628280-26-029335 acc 0001628280-26-029335 segment note (Note: Segment Information) (3M)
Q1-2025,reported_3M,Aviation Leasing,Asset sales revenue,18.939,2026-05-01 10-Q acc 0001628280-26-029335 acc 0001628280-26-029335 segment note (Note: Segment Information) (3M)
Q1-2025,reported_3M,Corporate and Other,Asset sales revenue,0.0,2026-05-01 10-Q acc 0001628280-26-029335 acc 0001628280-26-029335 segment note (Note: Segment Information) (3M)
Q1-2025,reported_3M,Eliminations,Asset sales revenue,0.0,2026-05-01 10-Q acc 0001628280-26-029335 acc 0001628280-26-029335 segment note (Note: Segment Information) (3M)
Q1-2025,reported_3M,Total,Asset sales revenue,18.939,2026-05-01 10-Q acc 0001628280-26-029335 acc 0001628280-26-029335 segment note (Note: Segment Information) (3M)
Q1-2025,reported_3M,Aerospace Products,Other revenue,0.0,2026-05-01 10-Q acc 0001628280-26-029335 acc 0001628280-26-029335 segment note (Note: Segment Information) (3M)
Q1-2025,reported_3M,Aviation Leasing,Other revenue,0.027,2026-05-01 10-Q acc 0001628280-26-029335 acc 0001628280-26-029335 segment note (Note: Segment Information) (3M)
Q1-2025,reported_3M,Corporate and Other,Other revenue,0.004,2026-05-01 10-Q acc 0001628280-26-029335 acc 0001628280-26-029335 segment note (Note: Segment Information) (3M)
Q1-2025,reported_3M,Eliminations,Other revenue,0.0,2026-05-01 10-Q acc 0001628280-26-029335 acc 0001628280-26-029335 segment note (Note: Segment Information) (3M)
Q1-2025,reported_3M,Total,Other revenue,0.031,2026-05-01 10-Q acc 0001628280-26-029335 acc 0001628280-26-029335 segment note (Note: Segment Information) (3M)
Q1-2025,reported_3M,Aerospace Products,Total revenues,365.063,2026-05-01 10-Q acc 0001628280-26-029335 acc 0001628280-26-029335 segment note (Note: Segment Information) (3M)
Q1-2025,reported_3M,Aviation Leasing,Total revenues,137.013,2026-05-01 10-Q acc 0001628280-26-029335 acc 0001628280-26-029335 segment note (Note: Segment Information) (3M)
Q1-2025,reported_3M,Corporate and Other,Total revenues,0.004,2026-05-01 10-Q acc 0001628280-26-029335 acc 0001628280-26-029335 segment note (Note: Segment Information) (3M)
Q1-2025,reported_3M,Eliminations,Total revenues,0.0,2026-05-01 10-Q acc 0001628280-26-029335 acc 0001628280-26-029335 segment note (Note: Segment Information) (3M)
Q1-2025,reported_3M,Total,Total revenues,502.08,2026-05-01 10-Q acc 0001628280-26-029335 acc 0001628280-26-029335 segment note (Note: Segment Information) (3M)
Q1-2025,reported_3M,Aerospace Products,Cost of sales,228.755,2026-05-01 10-Q acc 0001628280-26-029335 acc 0001628280-26-029335 segment note (Note: Segment Information) (3M)
Q1-2025,reported_3M,Aviation Leasing,Cost of sales,19.959,2026-05-01 10-Q acc 0001628280-26-029335 acc 0001628280-26-029335 segment note (Note: Segment Information) (3M)
Q1-2025,reported_3M,Corporate and Other,Cost of sales,0.0,2026-05-01 10-Q acc 0001628280-26-029335 acc 0001628280-26-029335 segment note (Note: Segment Information) (3M)
Q1-2025,reported_3M,Eliminations,Cost of sales,0.0,2026-05-01 10-Q acc 0001628280-26-029335 acc 0001628280-26-029335 segment note (Note: Segment Information) (3M)
Q1-2025,reported_3M,Total,Cost of sales,248.714,2026-05-01 10-Q acc 0001628280-26-029335 acc 0001628280-26-029335 segment note (Note: Segment Information) (3M)
Q1-2025,reported_3M,Aerospace Products,Operating expenses,5.687,2026-05-01 10-Q acc 0001628280-26-029335 acc 0001628280-26-029335 segment note (Note: Segment Information) (3M)
Q1-2025,reported_3M,Aviation Leasing,Operating expenses,7.426,2026-05-01 10-Q acc 0001628280-26-029335 acc 0001628280-26-029335 segment note (Note: Segment Information) (3M)
Q1-2025,reported_3M,Corporate and Other,Operating expenses,19.325,2026-05-01 10-Q acc 0001628280-26-029335 acc 0001628280-26-029335 segment note (Note: Segment Information) (3M)
Q1-2025,reported_3M,Eliminations,Operating expenses,0.0,2026-05-01 10-Q acc 0001628280-26-029335 acc 0001628280-26-029335 segment note (Note: Segment Information) (3M)
Q1-2025,reported_3M,Total,Operating expenses,32.438,2026-05-01 10-Q acc 0001628280-26-029335 acc 0001628280-26-029335 segment note (Note: Segment Information) (3M)
Q1-2025,reported_3M,Aerospace Products,General and administrative,0.0,2026-05-01 10-Q acc 0001628280-26-029335 acc 0001628280-26-029335 segment note (Note: Segment Information) (3M)
Q1-2025,reported_3M,Aviation Leasing,General and administrative,0.0,2026-05-01 10-Q acc 0001628280-26-029335 acc 0001628280-26-029335 segment note (Note: Segment Information) (3M)
Q1-2025,reported_3M,Corporate and Other,General and administrative,3.116,2026-05-01 10-Q acc 0001628280-26-029335 acc 0001628280-26-029335 segment note (Note: Segment Information) (3M)
Q1-2025,reported_3M,Eliminations,General and administrative,0.0,2026-05-01 10-Q acc 0001628280-26-029335 acc 0001628280-26-029335 segment note (Note: Segment Information) (3M)
Q1-2025,reported_3M,Total,General and administrative,3.116,2026-05-01 10-Q acc 0001628280-26-029335 acc 0001628280-26-029335 segment note (Note: Segment Information) (3M)
Q1-2025,reported_3M,Aerospace Products,Acquisition and transaction expenses,1.132,2026-05-01 10-Q acc 0001628280-26-029335 acc 0001628280-26-029335 segment note (Note: Segment Information) (3M)
Q1-2025,reported_3M,Aviation Leasing,Acquisition and transaction expenses,2.905,2026-05-01 10-Q acc 0001628280-26-029335 acc 0001628280-26-029335 segment note (Note: Segment Information) (3M)
Q1-2025,reported_3M,Corporate and Other,Acquisition and transaction expenses,3.255,2026-05-01 10-Q acc 0001628280-26-029335 acc 0001628280-26-029335 segment note (Note: Segment Information) (3M)
Q1-2025,reported_3M,Eliminations,Acquisition and transaction expenses,0.0,2026-05-01 10-Q acc 0001628280-26-029335 acc 0001628280-26-029335 segment note (Note: Segment Information) (3M)
Q1-2025,reported_3M,Total,Acquisition and transaction expenses,7.292,2026-05-01 10-Q acc 0001628280-26-029335 acc 0001628280-26-029335 segment note (Note: Segment Information) (3M)
Q1-2025,reported_3M,Aerospace Products,Depreciation and amortization,3.584,2026-05-01 10-Q acc 0001628280-26-029335 acc 0001628280-26-029335 segment note (Note: Segment Information) (3M)
Q1-2025,reported_3M,Aviation Leasing,Depreciation and amortization,55.061,2026-05-01 10-Q acc 0001628280-26-029335 acc 0001628280-26-029335 segment note (Note: Segment Information) (3M)
Q1-2025,reported_3M,Corporate and Other,Depreciation and amortization,0.917,2026-05-01 10-Q acc 0001628280-26-029335 acc 0001628280-26-029335 segment note (Note: Segment Information) (3M)
Q1-2025,reported_3M,Eliminations,Depreciation and amortization,0.0,2026-05-01 10-Q acc 0001628280-26-029335 acc 0001628280-26-029335 segment note (Note: Segment Information) (3M)
Q1-2025,reported_3M,Total,Depreciation and amortization,59.562,2026-05-01 10-Q acc 0001628280-26-029335 acc 0001628280-26-029335 segment note (Note: Segment Information) (3M)
Q1-2025,reported_3M,Aerospace Products,Total expenses,239.158,2026-05-01 10-Q acc 0001628280-26-029335 acc 0001628280-26-029335 segment note (Note: Segment Information) (3M)
Q1-2025,reported_3M,Aviation Leasing,Total expenses,85.351,2026-05-01 10-Q acc 0001628280-26-029335 acc 0001628280-26-029335 segment note (Note: Segment Information) (3M)
Q1-2025,reported_3M,Corporate and Other,Total expenses,26.613,2026-05-01 10-Q acc 0001628280-26-029335 acc 0001628280-26-029335 segment note (Note: Segment Information) (3M)
Q1-2025,reported_3M,Eliminations,Total expenses,0.0,2026-05-01 10-Q acc 0001628280-26-029335 acc 0001628280-26-029335 segment note (Note: Segment Information) (3M)
Q1-2025,reported_3M,Total,Total expenses,351.122,2026-05-01 10-Q acc 0001628280-26-029335 acc 0001628280-26-029335 segment note (Note: Segment Information) (3M)
Q1-2025,reported_3M,Aerospace Products,Interest expense,0.0,2026-05-01 10-Q acc 0001628280-26-029335 acc 0001628280-26-029335 segment note (Note: Segment Information) (3M)
Q1-2025,reported_3M,Aviation Leasing,Interest expense,0.0,2026-05-01 10-Q acc 0001628280-26-029335 acc 0001628280-26-029335 segment note (Note: Segment Information) (3M)
Q1-2025,reported_3M,Corporate and Other,Interest expense,62.04,2026-05-01 10-Q acc 0001628280-26-029335 acc 0001628280-26-029335 segment note (Note: Segment Information) (3M)
Q1-2025,reported_3M,Eliminations,Interest expense,0.0,2026-05-01 10-Q acc 0001628280-26-029335 acc 0001628280-26-029335 segment note (Note: Segment Information) (3M)
Q1-2025,reported_3M,Total,Interest expense,62.04,2026-05-01 10-Q acc 0001628280-26-029335 acc 0001628280-26-029335 segment note (Note: Segment Information) (3M)
Q1-2025,reported_3M,Aerospace Products,Equity in earnings (losses) of unconsolidated entities,0.113,2026-05-01 10-Q acc 0001628280-26-029335 acc 0001628280-26-029335 segment note (Note: Segment Information) (3M)
Q1-2025,reported_3M,Aviation Leasing,Equity in earnings (losses) of unconsolidated entities,-0.777,2026-05-01 10-Q acc 0001628280-26-029335 acc 0001628280-26-029335 segment note (Note: Segment Information) (3M)
Q1-2025,reported_3M,Corporate and Other,Equity in earnings (losses) of unconsolidated entities,0.0,2026-05-01 10-Q acc 0001628280-26-029335 acc 0001628280-26-029335 segment note (Note: Segment Information) (3M)
Q1-2025,reported_3M,Eliminations,Equity in earnings (losses) of unconsolidated entities,-6.95,2026-05-01 10-Q acc 0001628280-26-029335 acc 0001628280-26-029335 segment note (Note: Segment Information) (3M)
Q1-2025,reported_3M,Total,Equity in earnings (losses) of unconsolidated entities,-7.614,2026-05-01 10-Q acc 0001628280-26-029335 acc 0001628280-26-029335 segment note (Note: Segment Information) (3M)
Q1-2025,reported_3M,Aerospace Products,Gain on sale to the 2025 Partnership,0.0,2026-05-01 10-Q acc 0001628280-26-029335 acc 0001628280-26-029335 segment note (Note: Segment Information) (3M)
Q1-2025,reported_3M,Aviation Leasing,Gain on sale to the 2025 Partnership,10.87,2026-05-01 10-Q acc 0001628280-26-029335 acc 0001628280-26-029335 segment note (Note: Segment Information) (3M)
Q1-2025,reported_3M,Corporate and Other,Gain on sale to the 2025 Partnership,0.0,2026-05-01 10-Q acc 0001628280-26-029335 acc 0001628280-26-029335 segment note (Note: Segment Information) (3M)
Q1-2025,reported_3M,Eliminations,Gain on sale to the 2025 Partnership,0.0,2026-05-01 10-Q acc 0001628280-26-029335 acc 0001628280-26-029335 segment note (Note: Segment Information) (3M)
Q1-2025,reported_3M,Total,Gain on sale to the 2025 Partnership,10.87,2026-05-01 10-Q acc 0001628280-26-029335 acc 0001628280-26-029335 segment note (Note: Segment Information) (3M)
Q1-2025,reported_3M,Aerospace Products,Other income,0.0,2026-05-01 10-Q acc 0001628280-26-029335 acc 0001628280-26-029335 segment note (Note: Segment Information) (3M)
Q1-2025,reported_3M,Aviation Leasing,Other income,32.619,2026-05-01 10-Q acc 0001628280-26-029335 acc 0001628280-26-029335 segment note (Note: Segment Information) (3M)
Q1-2025,reported_3M,Corporate and Other,Other income,0.452,2026-05-01 10-Q acc 0001628280-26-029335 acc 0001628280-26-029335 segment note (Note: Segment Information) (3M)
Q1-2025,reported_3M,Eliminations,Other income,0.0,2026-05-01 10-Q acc 0001628280-26-029335 acc 0001628280-26-029335 segment note (Note: Segment Information) (3M)
Q1-2025,reported_3M,Total,Other income,33.071,2026-05-01 10-Q acc 0001628280-26-029335 acc 0001628280-26-029335 segment note (Note: Segment Information) (3M)
Q1-2025,reported_3M,Aerospace Products,Total other expense,0.113,2026-05-01 10-Q acc 0001628280-26-029335 acc 0001628280-26-029335 segment note (Note: Segment Information) (3M)
Q1-2025,reported_3M,Aviation Leasing,Total other expense,42.712,2026-05-01 10-Q acc 0001628280-26-029335 acc 0001628280-26-029335 segment note (Note: Segment Information) (3M)
Q1-2025,reported_3M,Corporate and Other,Total other expense,-61.588,2026-05-01 10-Q acc 0001628280-26-029335 acc 0001628280-26-029335 segment note (Note: Segment Information) (3M)
Q1-2025,reported_3M,Eliminations,Total other expense,-6.95,2026-05-01 10-Q acc 0001628280-26-029335 acc 0001628280-26-029335 segment note (Note: Segment Information) (3M)
Q1-2025,reported_3M,Total,Total other expense,-25.713,2026-05-01 10-Q acc 0001628280-26-029335 acc 0001628280-26-029335 segment note (Note: Segment Information) (3M)
Q1-2025,reported_3M,Aerospace Products,Income (loss) before income taxes,126.018,2026-05-01 10-Q acc 0001628280-26-029335 acc 0001628280-26-029335 segment note (Note: Segment Information) (3M)
Q1-2025,reported_3M,Aviation Leasing,Income (loss) before income taxes,94.374,2026-05-01 10-Q acc 0001628280-26-029335 acc 0001628280-26-029335 segment note (Note: Segment Information) (3M)
Q1-2025,reported_3M,Corporate and Other,Income (loss) before income taxes,-88.197,2026-05-01 10-Q acc 0001628280-26-029335 acc 0001628280-26-029335 segment note (Note: Segment Information) (3M)
Q1-2025,reported_3M,Eliminations,Income (loss) before income taxes,-6.95,2026-05-01 10-Q acc 0001628280-26-029335 acc 0001628280-26-029335 segment note (Note: Segment Information) (3M)
Q1-2025,reported_3M,Total,Income (loss) before income taxes,125.245,2026-05-01 10-Q acc 0001628280-26-029335 acc 0001628280-26-029335 segment note (Note: Segment Information) (3M)
Q1-2025,reported_3M,Aerospace Products,Provision for (benefit from) income taxes,19.375,2026-05-01 10-Q acc 0001628280-26-029335 acc 0001628280-26-029335 segment note (Note: Segment Information) (3M)
Q1-2025,reported_3M,Aviation Leasing,Provision for (benefit from) income taxes,17.348,2026-05-01 10-Q acc 0001628280-26-029335 acc 0001628280-26-029335 segment note (Note: Segment Information) (3M)
Q1-2025,reported_3M,Corporate and Other,Provision for (benefit from) income taxes,-13.864,2026-05-01 10-Q acc 0001628280-26-029335 acc 0001628280-26-029335 segment note (Note: Segment Information) (3M)
Q1-2025,reported_3M,Eliminations,Provision for (benefit from) income taxes,0.0,2026-05-01 10-Q acc 0001628280-26-029335 acc 0001628280-26-029335 segment note (Note: Segment Information) (3M)
Q1-2025,reported_3M,Total,Provision for (benefit from) income taxes,22.859,2026-05-01 10-Q acc 0001628280-26-029335 acc 0001628280-26-029335 segment note (Note: Segment Information) (3M)
Q1-2025,reported_3M,Aerospace Products,Net income (loss),106.643,2026-05-01 10-Q acc 0001628280-26-029335 acc 0001628280-26-029335 segment note (Note: Segment Information) (3M)
Q1-2025,reported_3M,Aviation Leasing,Net income (loss),77.026,2026-05-01 10-Q acc 0001628280-26-029335 acc 0001628280-26-029335 segment note (Note: Segment Information) (3M)
Q1-2025,reported_3M,Corporate and Other,Net income (loss),-74.333,2026-05-01 10-Q acc 0001628280-26-029335 acc 0001628280-26-029335 segment note (Note: Segment Information) (3M)
Q1-2025,reported_3M,Eliminations,Net income (loss),-6.95,2026-05-01 10-Q acc 0001628280-26-029335 acc 0001628280-26-029335 segment note (Note: Segment Information) (3M)
Q1-2025,reported_3M,Total,Net income (loss),102.386,2026-05-01 10-Q acc 0001628280-26-029335 acc 0001628280-26-029335 segment note (Note: Segment Information) (3M)
Q2-2025,reported_3M,Aerospace Products,Aerospace products revenue,420.686,2026-07-31 10-Q acc 0001628280-26-051412 acc 0001628280-26-051412 segment note (Note: Segment Information) (3M)
Q2-2025,reported_3M,Aviation Leasing,Aerospace products revenue,0.0,2026-07-31 10-Q acc 0001628280-26-051412 acc 0001628280-26-051412 segment note (Note: Segment Information) (3M)
Q2-2025,reported_3M,Corporate and Other,Aerospace products revenue,0.0,2026-07-31 10-Q acc 0001628280-26-051412 acc 0001628280-26-051412 segment note (Note: Segment Information) (3M)
Q2-2025,reported_3M,Eliminations,Aerospace products revenue,0.0,2026-07-31 10-Q acc 0001628280-26-051412 acc 0001628280-26-051412 segment note (Note: Segment Information) (3M)
Q2-2025,reported_3M,Total,Aerospace products revenue,420.686,2026-07-31 10-Q acc 0001628280-26-051412 acc 0001628280-26-051412 segment note (Note: Segment Information) (3M)
Q2-2025,reported_3M,Aerospace Products,MRE Contract revenue,69.585,2026-07-31 10-Q acc 0001628280-26-051412 acc 0001628280-26-051412 segment note (Note: Segment Information) (3M)
Q2-2025,reported_3M,Aviation Leasing,MRE Contract revenue,0.0,2026-07-31 10-Q acc 0001628280-26-051412 acc 0001628280-26-051412 segment note (Note: Segment Information) (3M)
Q2-2025,reported_3M,Corporate and Other,MRE Contract revenue,0.0,2026-07-31 10-Q acc 0001628280-26-051412 acc 0001628280-26-051412 segment note (Note: Segment Information) (3M)
Q2-2025,reported_3M,Eliminations,MRE Contract revenue,0.0,2026-07-31 10-Q acc 0001628280-26-051412 acc 0001628280-26-051412 segment note (Note: Segment Information) (3M)
Q2-2025,reported_3M,Total,MRE Contract revenue,69.585,2026-07-31 10-Q acc 0001628280-26-051412 acc 0001628280-26-051412 segment note (Note: Segment Information) (3M)
Q2-2025,reported_3M,Aerospace Products,Lease income,0.0,2026-07-31 10-Q acc 0001628280-26-051412 acc 0001628280-26-051412 segment note (Note: Segment Information) (3M)
Q2-2025,reported_3M,Aviation Leasing,Lease income,62.439,2026-07-31 10-Q acc 0001628280-26-051412 acc 0001628280-26-051412 segment note (Note: Segment Information) (3M)
Q2-2025,reported_3M,Corporate and Other,Lease income,0.0,2026-07-31 10-Q acc 0001628280-26-051412 acc 0001628280-26-051412 segment note (Note: Segment Information) (3M)
Q2-2025,reported_3M,Eliminations,Lease income,0.0,2026-07-31 10-Q acc 0001628280-26-051412 acc 0001628280-26-051412 segment note (Note: Segment Information) (3M)
Q2-2025,reported_3M,Total,Lease income,62.439,2026-07-31 10-Q acc 0001628280-26-051412 acc 0001628280-26-051412 segment note (Note: Segment Information) (3M)
Q2-2025,reported_3M,Aerospace Products,Maintenance revenue,0.0,2026-07-31 10-Q acc 0001628280-26-051412 acc 0001628280-26-051412 segment note (Note: Segment Information) (3M)
Q2-2025,reported_3M,Aviation Leasing,Maintenance revenue,73.104,2026-07-31 10-Q acc 0001628280-26-051412 acc 0001628280-26-051412 segment note (Note: Segment Information) (3M)
Q2-2025,reported_3M,Corporate and Other,Maintenance revenue,0.0,2026-07-31 10-Q acc 0001628280-26-051412 acc 0001628280-26-051412 segment note (Note: Segment Information) (3M)
Q2-2025,reported_3M,Eliminations,Maintenance revenue,0.0,2026-07-31 10-Q acc 0001628280-26-051412 acc 0001628280-26-051412 segment note (Note: Segment Information) (3M)
Q2-2025,reported_3M,Total,Maintenance revenue,73.104,2026-07-31 10-Q acc 0001628280-26-051412 acc 0001628280-26-051412 segment note (Note: Segment Information) (3M)
Q2-2025,reported_3M,Aerospace Products,Asset sales revenue,0.0,2026-07-31 10-Q acc 0001628280-26-051412 acc 0001628280-26-051412 segment note (Note: Segment Information) (3M)
Q2-2025,reported_3M,Aviation Leasing,Asset sales revenue,47.915,2026-07-31 10-Q acc 0001628280-26-051412 acc 0001628280-26-051412 segment note (Note: Segment Information) (3M)
Q2-2025,reported_3M,Corporate and Other,Asset sales revenue,0.0,2026-07-31 10-Q acc 0001628280-26-051412 acc 0001628280-26-051412 segment note (Note: Segment Information) (3M)
Q2-2025,reported_3M,Eliminations,Asset sales revenue,0.0,2026-07-31 10-Q acc 0001628280-26-051412 acc 0001628280-26-051412 segment note (Note: Segment Information) (3M)
Q2-2025,reported_3M,Total,Asset sales revenue,47.915,2026-07-31 10-Q acc 0001628280-26-051412 acc 0001628280-26-051412 segment note (Note: Segment Information) (3M)
Q2-2025,reported_3M,Aerospace Products,Other revenue,0.0,2026-07-31 10-Q acc 0001628280-26-051412 acc 0001628280-26-051412 segment note (Note: Segment Information) (3M)
Q2-2025,reported_3M,Aviation Leasing,Other revenue,2.508,2026-07-31 10-Q acc 0001628280-26-051412 acc 0001628280-26-051412 segment note (Note: Segment Information) (3M)
Q2-2025,reported_3M,Corporate and Other,Other revenue,0.0,2026-07-31 10-Q acc 0001628280-26-051412 acc 0001628280-26-051412 segment note (Note: Segment Information) (3M)
Q2-2025,reported_3M,Eliminations,Other revenue,0.0,2026-07-31 10-Q acc 0001628280-26-051412 acc 0001628280-26-051412 segment note (Note: Segment Information) (3M)
Q2-2025,reported_3M,Total,Other revenue,2.508,2026-07-31 10-Q acc 0001628280-26-051412 acc 0001628280-26-051412 segment note (Note: Segment Information) (3M)
Q2-2025,reported_3M,Aerospace Products,Total revenues,490.271,2026-07-31 10-Q acc 0001628280-26-051412 acc 0001628280-26-051412 segment note (Note: Segment Information) (3M)
Q2-2025,reported_3M,Aviation Leasing,Total revenues,185.966,2026-07-31 10-Q acc 0001628280-26-051412 acc 0001628280-26-051412 segment note (Note: Segment Information) (3M)
Q2-2025,reported_3M,Corporate and Other,Total revenues,0.0,2026-07-31 10-Q acc 0001628280-26-051412 acc 0001628280-26-051412 segment note (Note: Segment Information) (3M)
Q2-2025,reported_3M,Eliminations,Total revenues,0.0,2026-07-31 10-Q acc 0001628280-26-051412 acc 0001628280-26-051412 segment note (Note: Segment Information) (3M)
Q2-2025,reported_3M,Total,Total revenues,676.237,2026-07-31 10-Q acc 0001628280-26-051412 acc 0001628280-26-051412 segment note (Note: Segment Information) (3M)
Q2-2025,reported_3M,Aerospace Products,Cost of sales,317.469,2026-07-31 10-Q acc 0001628280-26-051412 acc 0001628280-26-051412 segment note (Note: Segment Information) (3M)
Q2-2025,reported_3M,Aviation Leasing,Cost of sales,51.789,2026-07-31 10-Q acc 0001628280-26-051412 acc 0001628280-26-051412 segment note (Note: Segment Information) (3M)
Q2-2025,reported_3M,Corporate and Other,Cost of sales,0.0,2026-07-31 10-Q acc 0001628280-26-051412 acc 0001628280-26-051412 segment note (Note: Segment Information) (3M)
Q2-2025,reported_3M,Eliminations,Cost of sales,0.0,2026-07-31 10-Q acc 0001628280-26-051412 acc 0001628280-26-051412 segment note (Note: Segment Information) (3M)
Q2-2025,reported_3M,Total,Cost of sales,369.258,2026-07-31 10-Q acc 0001628280-26-051412 acc 0001628280-26-051412 segment note (Note: Segment Information) (3M)
Q2-2025,reported_3M,Aerospace Products,Operating expenses,8.989,2026-07-31 10-Q acc 0001628280-26-051412 acc 0001628280-26-051412 segment note (Note: Segment Information) (3M)
Q2-2025,reported_3M,Aviation Leasing,Operating expenses,11.089,2026-07-31 10-Q acc 0001628280-26-051412 acc 0001628280-26-051412 segment note (Note: Segment Information) (3M)
Q2-2025,reported_3M,Corporate and Other,Operating expenses,14.25,2026-07-31 10-Q acc 0001628280-26-051412 acc 0001628280-26-051412 segment note (Note: Segment Information) (3M)
Q2-2025,reported_3M,Eliminations,Operating expenses,0.0,2026-07-31 10-Q acc 0001628280-26-051412 acc 0001628280-26-051412 segment note (Note: Segment Information) (3M)
Q2-2025,reported_3M,Total,Operating expenses,34.328,2026-07-31 10-Q acc 0001628280-26-051412 acc 0001628280-26-051412 segment note (Note: Segment Information) (3M)
Q2-2025,reported_3M,Aerospace Products,General and administrative,0.0,2026-07-31 10-Q acc 0001628280-26-051412 acc 0001628280-26-051412 segment note (Note: Segment Information) (3M)
Q2-2025,reported_3M,Aviation Leasing,General and administrative,0.0,2026-07-31 10-Q acc 0001628280-26-051412 acc 0001628280-26-051412 segment note (Note: Segment Information) (3M)
Q2-2025,reported_3M,Corporate and Other,General and administrative,2.442,2026-07-31 10-Q acc 0001628280-26-051412 acc 0001628280-26-051412 segment note (Note: Segment Information) (3M)
Q2-2025,reported_3M,Eliminations,General and administrative,0.0,2026-07-31 10-Q acc 0001628280-26-051412 acc 0001628280-26-051412 segment note (Note: Segment Information) (3M)
Q2-2025,reported_3M,Total,General and administrative,2.442,2026-07-31 10-Q acc 0001628280-26-051412 acc 0001628280-26-051412 segment note (Note: Segment Information) (3M)
Q2-2025,reported_3M,Aerospace Products,Acquisition and transaction expenses,1.414,2026-07-31 10-Q acc 0001628280-26-051412 acc 0001628280-26-051412 segment note (Note: Segment Information) (3M)
Q2-2025,reported_3M,Aviation Leasing,Acquisition and transaction expenses,0.577,2026-07-31 10-Q acc 0001628280-26-051412 acc 0001628280-26-051412 segment note (Note: Segment Information) (3M)
Q2-2025,reported_3M,Corporate and Other,Acquisition and transaction expenses,2.498,2026-07-31 10-Q acc 0001628280-26-051412 acc 0001628280-26-051412 segment note (Note: Segment Information) (3M)
Q2-2025,reported_3M,Eliminations,Acquisition and transaction expenses,0.0,2026-07-31 10-Q acc 0001628280-26-051412 acc 0001628280-26-051412 segment note (Note: Segment Information) (3M)
Q2-2025,reported_3M,Total,Acquisition and transaction expenses,4.489,2026-07-31 10-Q acc 0001628280-26-051412 acc 0001628280-26-051412 segment note (Note: Segment Information) (3M)
Q2-2025,reported_3M,Aerospace Products,Depreciation and amortization,3.704,2026-07-31 10-Q acc 0001628280-26-051412 acc 0001628280-26-051412 segment note (Note: Segment Information) (3M)
Q2-2025,reported_3M,Aviation Leasing,Depreciation and amortization,50.423,2026-07-31 10-Q acc 0001628280-26-051412 acc 0001628280-26-051412 segment note (Note: Segment Information) (3M)
Q2-2025,reported_3M,Corporate and Other,Depreciation and amortization,1.109,2026-07-31 10-Q acc 0001628280-26-051412 acc 0001628280-26-051412 segment note (Note: Segment Information) (3M)
Q2-2025,reported_3M,Eliminations,Depreciation and amortization,0.0,2026-07-31 10-Q acc 0001628280-26-051412 acc 0001628280-26-051412 segment note (Note: Segment Information) (3M)
Q2-2025,reported_3M,Total,Depreciation and amortization,55.236,2026-07-31 10-Q acc 0001628280-26-051412 acc 0001628280-26-051412 segment note (Note: Segment Information) (3M)
Q2-2025,reported_3M,Aerospace Products,Total expenses,331.576,2026-07-31 10-Q acc 0001628280-26-051412 acc 0001628280-26-051412 segment note (Note: Segment Information) (3M)
Q2-2025,reported_3M,Aviation Leasing,Total expenses,113.878,2026-07-31 10-Q acc 0001628280-26-051412 acc 0001628280-26-051412 segment note (Note: Segment Information) (3M)
Q2-2025,reported_3M,Corporate and Other,Total expenses,20.299,2026-07-31 10-Q acc 0001628280-26-051412 acc 0001628280-26-051412 segment note (Note: Segment Information) (3M)
Q2-2025,reported_3M,Eliminations,Total expenses,0.0,2026-07-31 10-Q acc 0001628280-26-051412 acc 0001628280-26-051412 segment note (Note: Segment Information) (3M)
Q2-2025,reported_3M,Total,Total expenses,465.753,2026-07-31 10-Q acc 0001628280-26-051412 acc 0001628280-26-051412 segment note (Note: Segment Information) (3M)
Q2-2025,reported_3M,Aerospace Products,Interest expense,0.0,2026-07-31 10-Q acc 0001628280-26-051412 acc 0001628280-26-051412 segment note (Note: Segment Information) (3M)
Q2-2025,reported_3M,Aviation Leasing,Interest expense,0.0,2026-07-31 10-Q acc 0001628280-26-051412 acc 0001628280-26-051412 segment note (Note: Segment Information) (3M)
Q2-2025,reported_3M,Corporate and Other,Interest expense,63.965,2026-07-31 10-Q acc 0001628280-26-051412 acc 0001628280-26-051412 segment note (Note: Segment Information) (3M)
Q2-2025,reported_3M,Eliminations,Interest expense,0.0,2026-07-31 10-Q acc 0001628280-26-051412 acc 0001628280-26-051412 segment note (Note: Segment Information) (3M)
Q2-2025,reported_3M,Total,Interest expense,63.965,2026-07-31 10-Q acc 0001628280-26-051412 acc 0001628280-26-051412 segment note (Note: Segment Information) (3M)
Q2-2025,reported_3M,Aerospace Products,Equity in earnings (losses) of unconsolidated entities,0.714,2026-07-31 10-Q acc 0001628280-26-051412 acc 0001628280-26-051412 segment note (Note: Segment Information) (3M)
Q2-2025,reported_3M,Aviation Leasing,Equity in earnings (losses) of unconsolidated entities,-0.782,2026-07-31 10-Q acc 0001628280-26-051412 acc 0001628280-26-051412 segment note (Note: Segment Information) (3M)
Q2-2025,reported_3M,Corporate and Other,Equity in earnings (losses) of unconsolidated entities,0.0,2026-07-31 10-Q acc 0001628280-26-051412 acc 0001628280-26-051412 segment note (Note: Segment Information) (3M)
Q2-2025,reported_3M,Eliminations,Equity in earnings (losses) of unconsolidated entities,-4.935,2026-07-31 10-Q acc 0001628280-26-051412 acc 0001628280-26-051412 segment note (Note: Segment Information) (3M)
Q2-2025,reported_3M,Total,Equity in earnings (losses) of unconsolidated entities,-5.003,2026-07-31 10-Q acc 0001628280-26-051412 acc 0001628280-26-051412 segment note (Note: Segment Information) (3M)
Q2-2025,reported_3M,Aerospace Products,Gain on sale to the 2025 Partnership,0.0,2026-07-31 10-Q acc 0001628280-26-051412 acc 0001628280-26-051412 segment note (Note: Segment Information) (3M)
Q2-2025,reported_3M,Aviation Leasing,Gain on sale to the 2025 Partnership,34.604,2026-07-31 10-Q acc 0001628280-26-051412 acc 0001628280-26-051412 segment note (Note: Segment Information) (3M)
Q2-2025,reported_3M,Corporate and Other,Gain on sale to the 2025 Partnership,0.0,2026-07-31 10-Q acc 0001628280-26-051412 acc 0001628280-26-051412 segment note (Note: Segment Information) (3M)
Q2-2025,reported_3M,Eliminations,Gain on sale to the 2025 Partnership,0.0,2026-07-31 10-Q acc 0001628280-26-051412 acc 0001628280-26-051412 segment note (Note: Segment Information) (3M)
Q2-2025,reported_3M,Total,Gain on sale to the 2025 Partnership,34.604,2026-07-31 10-Q acc 0001628280-26-051412 acc 0001628280-26-051412 segment note (Note: Segment Information) (3M)
Q2-2025,reported_3M,Aerospace Products,Other income,0.0,2026-07-31 10-Q acc 0001628280-26-051412 acc 0001628280-26-051412 segment note (Note: Segment Information) (3M)
Q2-2025,reported_3M,Aviation Leasing,Other income,26.974,2026-07-31 10-Q acc 0001628280-26-051412 acc 0001628280-26-051412 segment note (Note: Segment Information) (3M)
Q2-2025,reported_3M,Corporate and Other,Other income,0.182,2026-07-31 10-Q acc 0001628280-26-051412 acc 0001628280-26-051412 segment note (Note: Segment Information) (3M)
Q2-2025,reported_3M,Eliminations,Other income,0.0,2026-07-31 10-Q acc 0001628280-26-051412 acc 0001628280-26-051412 segment note (Note: Segment Information) (3M)
Q2-2025,reported_3M,Total,Other income,27.156,2026-07-31 10-Q acc 0001628280-26-051412 acc 0001628280-26-051412 segment note (Note: Segment Information) (3M)
Q2-2025,reported_3M,Aerospace Products,Total other income (expense),0.714,2026-07-31 10-Q acc 0001628280-26-051412 acc 0001628280-26-051412 segment note (Note: Segment Information) (3M)
Q2-2025,reported_3M,Aviation Leasing,Total other income (expense),60.796,2026-07-31 10-Q acc 0001628280-26-051412 acc 0001628280-26-051412 segment note (Note: Segment Information) (3M)
Q2-2025,reported_3M,Corporate and Other,Total other income (expense),-63.783,2026-07-31 10-Q acc 0001628280-26-051412 acc 0001628280-26-051412 segment note (Note: Segment Information) (3M)
Q2-2025,reported_3M,Eliminations,Total other income (expense),-4.935,2026-07-31 10-Q acc 0001628280-26-051412 acc 0001628280-26-051412 segment note (Note: Segment Information) (3M)
Q2-2025,reported_3M,Total,Total other income (expense),-7.208,2026-07-31 10-Q acc 0001628280-26-051412 acc 0001628280-26-051412 segment note (Note: Segment Information) (3M)
Q2-2025,reported_3M,Aerospace Products,Income (loss) before income taxes,159.409,2026-07-31 10-Q acc 0001628280-26-051412 acc 0001628280-26-051412 segment note (Note: Segment Information) (3M)
Q2-2025,reported_3M,Aviation Leasing,Income (loss) before income taxes,132.884,2026-07-31 10-Q acc 0001628280-26-051412 acc 0001628280-26-051412 segment note (Note: Segment Information) (3M)
Q2-2025,reported_3M,Corporate and Other,Income (loss) before income taxes,-84.082,2026-07-31 10-Q acc 0001628280-26-051412 acc 0001628280-26-051412 segment note (Note: Segment Information) (3M)
Q2-2025,reported_3M,Eliminations,Income (loss) before income taxes,-4.935,2026-07-31 10-Q acc 0001628280-26-051412 acc 0001628280-26-051412 segment note (Note: Segment Information) (3M)
Q2-2025,reported_3M,Total,Income (loss) before income taxes,203.276,2026-07-31 10-Q acc 0001628280-26-051412 acc 0001628280-26-051412 segment note (Note: Segment Information) (3M)
Q2-2025,reported_3M,Aerospace Products,Provision for (benefit from) income taxes,25.827,2026-07-31 10-Q acc 0001628280-26-051412 acc 0001628280-26-051412 segment note (Note: Segment Information) (3M)
Q2-2025,reported_3M,Aviation Leasing,Provision for (benefit from) income taxes,26.453,2026-07-31 10-Q acc 0001628280-26-051412 acc 0001628280-26-051412 segment note (Note: Segment Information) (3M)
Q2-2025,reported_3M,Corporate and Other,Provision for (benefit from) income taxes,-14.402,2026-07-31 10-Q acc 0001628280-26-051412 acc 0001628280-26-051412 segment note (Note: Segment Information) (3M)
Q2-2025,reported_3M,Eliminations,Provision for (benefit from) income taxes,0.0,2026-07-31 10-Q acc 0001628280-26-051412 acc 0001628280-26-051412 segment note (Note: Segment Information) (3M)
Q2-2025,reported_3M,Total,Provision for (benefit from) income taxes,37.878,2026-07-31 10-Q acc 0001628280-26-051412 acc 0001628280-26-051412 segment note (Note: Segment Information) (3M)
Q2-2025,reported_3M,Aerospace Products,Net income (loss),133.582,2026-07-31 10-Q acc 0001628280-26-051412 acc 0001628280-26-051412 segment note (Note: Segment Information) (3M)
Q2-2025,reported_3M,Aviation Leasing,Net income (loss),106.431,2026-07-31 10-Q acc 0001628280-26-051412 acc 0001628280-26-051412 segment note (Note: Segment Information) (3M)
Q2-2025,reported_3M,Corporate and Other,Net income (loss),-69.68,2026-07-31 10-Q acc 0001628280-26-051412 acc 0001628280-26-051412 segment note (Note: Segment Information) (3M)
Q2-2025,reported_3M,Eliminations,Net income (loss),-4.935,2026-07-31 10-Q acc 0001628280-26-051412 acc 0001628280-26-051412 segment note (Note: Segment Information) (3M)
Q2-2025,reported_3M,Total,Net income (loss),165.398,2026-07-31 10-Q acc 0001628280-26-051412 acc 0001628280-26-051412 segment note (Note: Segment Information) (3M)
Q3-2025,reported_3M,Aviation Leasing,Aerospace products revenue,0.0,2025-10-29 10-Q acc 0001590364-25-000041 acc 0001590364-25-000041 segment note (Note: Segment Information) (3M)
Q3-2025,reported_3M,Aerospace Products,Aerospace products revenue,459.206,2025-10-29 10-Q acc 0001590364-25-000041 acc 0001590364-25-000041 segment note (Note: Segment Information) (3M)
Q3-2025,reported_3M,Corporate and Other,Aerospace products revenue,0.0,2025-10-29 10-Q acc 0001590364-25-000041 acc 0001590364-25-000041 segment note (Note: Segment Information) (3M)
Q3-2025,reported_3M,Eliminations,Aerospace products revenue,0.0,2025-10-29 10-Q acc 0001590364-25-000041 acc 0001590364-25-000041 segment note (Note: Segment Information) (3M)
Q3-2025,reported_3M,Total,Aerospace products revenue,459.206,2025-10-29 10-Q acc 0001590364-25-000041 acc 0001590364-25-000041 segment note (Note: Segment Information) (3M)
Q3-2025,reported_3M,Aviation Leasing,MRE Contract revenue,0.0,2025-10-29 10-Q acc 0001590364-25-000041 acc 0001590364-25-000041 segment note (Note: Segment Information) (3M)
Q3-2025,reported_3M,Aerospace Products,MRE Contract revenue,58.663,2025-10-29 10-Q acc 0001590364-25-000041 acc 0001590364-25-000041 segment note (Note: Segment Information) (3M)
Q3-2025,reported_3M,Corporate and Other,MRE Contract revenue,0.0,2025-10-29 10-Q acc 0001590364-25-000041 acc 0001590364-25-000041 segment note (Note: Segment Information) (3M)
Q3-2025,reported_3M,Eliminations,MRE Contract revenue,0.0,2025-10-29 10-Q acc 0001590364-25-000041 acc 0001590364-25-000041 segment note (Note: Segment Information) (3M)
Q3-2025,reported_3M,Total,MRE Contract revenue,58.663,2025-10-29 10-Q acc 0001590364-25-000041 acc 0001590364-25-000041 segment note (Note: Segment Information) (3M)
Q3-2025,reported_3M,Aviation Leasing,Lease income,55.072,2025-10-29 10-Q acc 0001590364-25-000041 acc 0001590364-25-000041 segment note (Note: Segment Information) (3M)
Q3-2025,reported_3M,Aerospace Products,Lease income,0.0,2025-10-29 10-Q acc 0001590364-25-000041 acc 0001590364-25-000041 segment note (Note: Segment Information) (3M)
Q3-2025,reported_3M,Corporate and Other,Lease income,0.0,2025-10-29 10-Q acc 0001590364-25-000041 acc 0001590364-25-000041 segment note (Note: Segment Information) (3M)
Q3-2025,reported_3M,Eliminations,Lease income,0.0,2025-10-29 10-Q acc 0001590364-25-000041 acc 0001590364-25-000041 segment note (Note: Segment Information) (3M)
Q3-2025,reported_3M,Total,Lease income,55.072,2025-10-29 10-Q acc 0001590364-25-000041 acc 0001590364-25-000041 segment note (Note: Segment Information) (3M)
Q3-2025,reported_3M,Aviation Leasing,Maintenance revenue,52.37,2025-10-29 10-Q acc 0001590364-25-000041 acc 0001590364-25-000041 segment note (Note: Segment Information) (3M)
Q3-2025,reported_3M,Aerospace Products,Maintenance revenue,0.0,2025-10-29 10-Q acc 0001590364-25-000041 acc 0001590364-25-000041 segment note (Note: Segment Information) (3M)
Q3-2025,reported_3M,Corporate and Other,Maintenance revenue,0.0,2025-10-29 10-Q acc 0001590364-25-000041 acc 0001590364-25-000041 segment note (Note: Segment Information) (3M)
Q3-2025,reported_3M,Eliminations,Maintenance revenue,0.0,2025-10-29 10-Q acc 0001590364-25-000041 acc 0001590364-25-000041 segment note (Note: Segment Information) (3M)
Q3-2025,reported_3M,Total,Maintenance revenue,52.37,2025-10-29 10-Q acc 0001590364-25-000041 acc 0001590364-25-000041 segment note (Note: Segment Information) (3M)
Q3-2025,reported_3M,Aviation Leasing,Asset sales revenue,38.461,2025-10-29 10-Q acc 0001590364-25-000041 acc 0001590364-25-000041 segment note (Note: Segment Information) (3M)
Q3-2025,reported_3M,Aerospace Products,Asset sales revenue,0.0,2025-10-29 10-Q acc 0001590364-25-000041 acc 0001590364-25-000041 segment note (Note: Segment Information) (3M)
Q3-2025,reported_3M,Corporate and Other,Asset sales revenue,0.0,2025-10-29 10-Q acc 0001590364-25-000041 acc 0001590364-25-000041 segment note (Note: Segment Information) (3M)
Q3-2025,reported_3M,Eliminations,Asset sales revenue,0.0,2025-10-29 10-Q acc 0001590364-25-000041 acc 0001590364-25-000041 segment note (Note: Segment Information) (3M)
Q3-2025,reported_3M,Total,Asset sales revenue,38.461,2025-10-29 10-Q acc 0001590364-25-000041 acc 0001590364-25-000041 segment note (Note: Segment Information) (3M)
Q3-2025,reported_3M,Aviation Leasing,Other revenue,3.292,2025-10-29 10-Q acc 0001590364-25-000041 acc 0001590364-25-000041 segment note (Note: Segment Information) (3M)
Q3-2025,reported_3M,Aerospace Products,Other revenue,0.0,2025-10-29 10-Q acc 0001590364-25-000041 acc 0001590364-25-000041 segment note (Note: Segment Information) (3M)
Q3-2025,reported_3M,Corporate and Other,Other revenue,0.0,2025-10-29 10-Q acc 0001590364-25-000041 acc 0001590364-25-000041 segment note (Note: Segment Information) (3M)
Q3-2025,reported_3M,Eliminations,Other revenue,0.0,2025-10-29 10-Q acc 0001590364-25-000041 acc 0001590364-25-000041 segment note (Note: Segment Information) (3M)
Q3-2025,reported_3M,Total,Other revenue,3.292,2025-10-29 10-Q acc 0001590364-25-000041 acc 0001590364-25-000041 segment note (Note: Segment Information) (3M)
Q3-2025,reported_3M,Aviation Leasing,Total revenues,149.195,2025-10-29 10-Q acc 0001590364-25-000041 acc 0001590364-25-000041 segment note (Note: Segment Information) (3M)
Q3-2025,reported_3M,Aerospace Products,Total revenues,517.869,2025-10-29 10-Q acc 0001590364-25-000041 acc 0001590364-25-000041 segment note (Note: Segment Information) (3M)
Q3-2025,reported_3M,Corporate and Other,Total revenues,0.0,2025-10-29 10-Q acc 0001590364-25-000041 acc 0001590364-25-000041 segment note (Note: Segment Information) (3M)
Q3-2025,reported_3M,Eliminations,Total revenues,0.0,2025-10-29 10-Q acc 0001590364-25-000041 acc 0001590364-25-000041 segment note (Note: Segment Information) (3M)
Q3-2025,reported_3M,Total,Total revenues,667.064,2025-10-29 10-Q acc 0001590364-25-000041 acc 0001590364-25-000041 segment note (Note: Segment Information) (3M)
Q3-2025,reported_3M,Aviation Leasing,Cost of sales,34.769,2025-10-29 10-Q acc 0001590364-25-000041 acc 0001590364-25-000041 segment note (Note: Segment Information) (3M)
Q3-2025,reported_3M,Aerospace Products,Cost of sales,328.153,2025-10-29 10-Q acc 0001590364-25-000041 acc 0001590364-25-000041 segment note (Note: Segment Information) (3M)
Q3-2025,reported_3M,Corporate and Other,Cost of sales,0.0,2025-10-29 10-Q acc 0001590364-25-000041 acc 0001590364-25-000041 segment note (Note: Segment Information) (3M)
Q3-2025,reported_3M,Eliminations,Cost of sales,0.0,2025-10-29 10-Q acc 0001590364-25-000041 acc 0001590364-25-000041 segment note (Note: Segment Information) (3M)
Q3-2025,reported_3M,Total,Cost of sales,362.922,2025-10-29 10-Q acc 0001590364-25-000041 acc 0001590364-25-000041 segment note (Note: Segment Information) (3M)
Q3-2025,reported_3M,Aviation Leasing,Operating expenses,10.146,2025-10-29 10-Q acc 0001590364-25-000041 acc 0001590364-25-000041 segment note (Note: Segment Information) (3M)
Q3-2025,reported_3M,Aerospace Products,Operating expenses,10.545,2025-10-29 10-Q acc 0001590364-25-000041 acc 0001590364-25-000041 segment note (Note: Segment Information) (3M)
Q3-2025,reported_3M,Corporate and Other,Operating expenses,18.401,2025-10-29 10-Q acc 0001590364-25-000041 acc 0001590364-25-000041 segment note (Note: Segment Information) (3M)
Q3-2025,reported_3M,Eliminations,Operating expenses,0.0,2025-10-29 10-Q acc 0001590364-25-000041 acc 0001590364-25-000041 segment note (Note: Segment Information) (3M)
Q3-2025,reported_3M,Total,Operating expenses,39.092,2025-10-29 10-Q acc 0001590364-25-000041 acc 0001590364-25-000041 segment note (Note: Segment Information) (3M)
Q3-2025,reported_3M,Aviation Leasing,General and administrative,0.0,2025-10-29 10-Q acc 0001590364-25-000041 acc 0001590364-25-000041 segment note (Note: Segment Information) (3M)
Q3-2025,reported_3M,Aerospace Products,General and administrative,0.0,2025-10-29 10-Q acc 0001590364-25-000041 acc 0001590364-25-000041 segment note (Note: Segment Information) (3M)
Q3-2025,reported_3M,Corporate and Other,General and administrative,1.829,2025-10-29 10-Q acc 0001590364-25-000041 acc 0001590364-25-000041 segment note (Note: Segment Information) (3M)
Q3-2025,reported_3M,Eliminations,General and administrative,0.0,2025-10-29 10-Q acc 0001590364-25-000041 acc 0001590364-25-000041 segment note (Note: Segment Information) (3M)
Q3-2025,reported_3M,Total,General and administrative,1.829,2025-10-29 10-Q acc 0001590364-25-000041 acc 0001590364-25-000041 segment note (Note: Segment Information) (3M)
Q3-2025,reported_3M,Aviation Leasing,Acquisition and transaction expenses,3.571,2025-10-29 10-Q acc 0001590364-25-000041 acc 0001590364-25-000041 segment note (Note: Segment Information) (3M)
Q3-2025,reported_3M,Aerospace Products,Acquisition and transaction expenses,0.599,2025-10-29 10-Q acc 0001590364-25-000041 acc 0001590364-25-000041 segment note (Note: Segment Information) (3M)
Q3-2025,reported_3M,Corporate and Other,Acquisition and transaction expenses,2.896,2025-10-29 10-Q acc 0001590364-25-000041 acc 0001590364-25-000041 segment note (Note: Segment Information) (3M)
Q3-2025,reported_3M,Eliminations,Acquisition and transaction expenses,0.0,2025-10-29 10-Q acc 0001590364-25-000041 acc 0001590364-25-000041 segment note (Note: Segment Information) (3M)
Q3-2025,reported_3M,Total,Acquisition and transaction expenses,7.066,2025-10-29 10-Q acc 0001590364-25-000041 acc 0001590364-25-000041 segment note (Note: Segment Information) (3M)
Q3-2025,reported_3M,Aviation Leasing,Depreciation and amortization,50.226,2025-10-29 10-Q acc 0001590364-25-000041 acc 0001590364-25-000041 segment note (Note: Segment Information) (3M)
Q3-2025,reported_3M,Aerospace Products,Depreciation and amortization,3.93,2025-10-29 10-Q acc 0001590364-25-000041 acc 0001590364-25-000041 segment note (Note: Segment Information) (3M)
Q3-2025,reported_3M,Corporate and Other,Depreciation and amortization,1.122,2025-10-29 10-Q acc 0001590364-25-000041 acc 0001590364-25-000041 segment note (Note: Segment Information) (3M)
Q3-2025,reported_3M,Eliminations,Depreciation and amortization,0.0,2025-10-29 10-Q acc 0001590364-25-000041 acc 0001590364-25-000041 segment note (Note: Segment Information) (3M)
Q3-2025,reported_3M,Total,Depreciation and amortization,55.278,2025-10-29 10-Q acc 0001590364-25-000041 acc 0001590364-25-000041 segment note (Note: Segment Information) (3M)
Q3-2025,reported_3M,Aviation Leasing,Total expenses,98.712,2025-10-29 10-Q acc 0001590364-25-000041 acc 0001590364-25-000041 segment note (Note: Segment Information) (3M)
Q3-2025,reported_3M,Aerospace Products,Total expenses,343.227,2025-10-29 10-Q acc 0001590364-25-000041 acc 0001590364-25-000041 segment note (Note: Segment Information) (3M)
Q3-2025,reported_3M,Corporate and Other,Total expenses,24.248,2025-10-29 10-Q acc 0001590364-25-000041 acc 0001590364-25-000041 segment note (Note: Segment Information) (3M)
Q3-2025,reported_3M,Eliminations,Total expenses,0.0,2025-10-29 10-Q acc 0001590364-25-000041 acc 0001590364-25-000041 segment note (Note: Segment Information) (3M)
Q3-2025,reported_3M,Total,Total expenses,466.187,2025-10-29 10-Q acc 0001590364-25-000041 acc 0001590364-25-000041 segment note (Note: Segment Information) (3M)
Q3-2025,reported_3M,Aviation Leasing,Interest expense,0.0,2025-10-29 10-Q acc 0001590364-25-000041 acc 0001590364-25-000041 segment note (Note: Segment Information) (3M)
Q3-2025,reported_3M,Aerospace Products,Interest expense,0.0,2025-10-29 10-Q acc 0001590364-25-000041 acc 0001590364-25-000041 segment note (Note: Segment Information) (3M)
Q3-2025,reported_3M,Corporate and Other,Interest expense,60.784,2025-10-29 10-Q acc 0001590364-25-000041 acc 0001590364-25-000041 segment note (Note: Segment Information) (3M)
Q3-2025,reported_3M,Eliminations,Interest expense,0.0,2025-10-29 10-Q acc 0001590364-25-000041 acc 0001590364-25-000041 segment note (Note: Segment Information) (3M)
Q3-2025,reported_3M,Total,Interest expense,60.784,2025-10-29 10-Q acc 0001590364-25-000041 acc 0001590364-25-000041 segment note (Note: Segment Information) (3M)
Q3-2025,reported_3M,Aviation Leasing,Equity in (losses) earnings of unconsolidated entities,-1.083,2025-10-29 10-Q acc 0001590364-25-000041 acc 0001590364-25-000041 segment note (Note: Segment Information) (3M)
Q3-2025,reported_3M,Aerospace Products,Equity in (losses) earnings of unconsolidated entities,0.767,2025-10-29 10-Q acc 0001590364-25-000041 acc 0001590364-25-000041 segment note (Note: Segment Information) (3M)
Q3-2025,reported_3M,Corporate and Other,Equity in (losses) earnings of unconsolidated entities,0.0,2025-10-29 10-Q acc 0001590364-25-000041 acc 0001590364-25-000041 segment note (Note: Segment Information) (3M)
Q3-2025,reported_3M,Eliminations,Equity in (losses) earnings of unconsolidated entities,-3.908,2025-10-29 10-Q acc 0001590364-25-000041 acc 0001590364-25-000041 segment note (Note: Segment Information) (3M)
Q3-2025,reported_3M,Total,Equity in (losses) earnings of unconsolidated entities,-4.224,2025-10-29 10-Q acc 0001590364-25-000041 acc 0001590364-25-000041 segment note (Note: Segment Information) (3M)
Q3-2025,reported_3M,Aviation Leasing,Gain on sale to the 2025 Partnership,4.609,2025-10-29 10-Q acc 0001590364-25-000041 acc 0001590364-25-000041 segment note (Note: Segment Information) (3M)
Q3-2025,reported_3M,Aerospace Products,Gain on sale to the 2025 Partnership,0.0,2025-10-29 10-Q acc 0001590364-25-000041 acc 0001590364-25-000041 segment note (Note: Segment Information) (3M)
Q3-2025,reported_3M,Corporate and Other,Gain on sale to the 2025 Partnership,0.0,2025-10-29 10-Q acc 0001590364-25-000041 acc 0001590364-25-000041 segment note (Note: Segment Information) (3M)
Q3-2025,reported_3M,Eliminations,Gain on sale to the 2025 Partnership,0.0,2025-10-29 10-Q acc 0001590364-25-000041 acc 0001590364-25-000041 segment note (Note: Segment Information) (3M)
Q3-2025,reported_3M,Total,Gain on sale to the 2025 Partnership,4.609,2025-10-29 10-Q acc 0001590364-25-000041 acc 0001590364-25-000041 segment note (Note: Segment Information) (3M)
Q3-2025,reported_3M,Aviation Leasing,Other income,2.103,2025-10-29 10-Q acc 0001590364-25-000041 acc 0001590364-25-000041 segment note (Note: Segment Information) (3M)
Q3-2025,reported_3M,Aerospace Products,Other income,0.0,2025-10-29 10-Q acc 0001590364-25-000041 acc 0001590364-25-000041 segment note (Note: Segment Information) (3M)
Q3-2025,reported_3M,Corporate and Other,Other income,1.467,2025-10-29 10-Q acc 0001590364-25-000041 acc 0001590364-25-000041 segment note (Note: Segment Information) (3M)
Q3-2025,reported_3M,Eliminations,Other income,0.0,2025-10-29 10-Q acc 0001590364-25-000041 acc 0001590364-25-000041 segment note (Note: Segment Information) (3M)
Q3-2025,reported_3M,Total,Other income,3.57,2025-10-29 10-Q acc 0001590364-25-000041 acc 0001590364-25-000041 segment note (Note: Segment Information) (3M)
Q3-2025,reported_3M,Aviation Leasing,Total other income (expense),5.629,2025-10-29 10-Q acc 0001590364-25-000041 acc 0001590364-25-000041 segment note (Note: Segment Information) (3M)
Q3-2025,reported_3M,Aerospace Products,Total other income (expense),0.767,2025-10-29 10-Q acc 0001590364-25-000041 acc 0001590364-25-000041 segment note (Note: Segment Information) (3M)
Q3-2025,reported_3M,Corporate and Other,Total other income (expense),-59.317,2025-10-29 10-Q acc 0001590364-25-000041 acc 0001590364-25-000041 segment note (Note: Segment Information) (3M)
Q3-2025,reported_3M,Eliminations,Total other income (expense),-3.908,2025-10-29 10-Q acc 0001590364-25-000041 acc 0001590364-25-000041 segment note (Note: Segment Information) (3M)
Q3-2025,reported_3M,Total,Total other income (expense),-56.829,2025-10-29 10-Q acc 0001590364-25-000041 acc 0001590364-25-000041 segment note (Note: Segment Information) (3M)
Q3-2025,reported_3M,Aviation Leasing,Income (loss) before income taxes,56.112,2025-10-29 10-Q acc 0001590364-25-000041 acc 0001590364-25-000041 segment note (Note: Segment Information) (3M)
Q3-2025,reported_3M,Aerospace Products,Income (loss) before income taxes,175.409,2025-10-29 10-Q acc 0001590364-25-000041 acc 0001590364-25-000041 segment note (Note: Segment Information) (3M)
Q3-2025,reported_3M,Corporate and Other,Income (loss) before income taxes,-83.565,2025-10-29 10-Q acc 0001590364-25-000041 acc 0001590364-25-000041 segment note (Note: Segment Information) (3M)
Q3-2025,reported_3M,Eliminations,Income (loss) before income taxes,-3.908,2025-10-29 10-Q acc 0001590364-25-000041 acc 0001590364-25-000041 segment note (Note: Segment Information) (3M)
Q3-2025,reported_3M,Total,Income (loss) before income taxes,144.048,2025-10-29 10-Q acc 0001590364-25-000041 acc 0001590364-25-000041 segment note (Note: Segment Information) (3M)
Q3-2025,reported_3M,Aviation Leasing,Provision for (benefit from) income taxes,14.5,2025-10-29 10-Q acc 0001590364-25-000041 acc 0001590364-25-000041 segment note (Note: Segment Information) (3M)
Q3-2025,reported_3M,Aerospace Products,Provision for (benefit from) income taxes,26.815,2025-10-29 10-Q acc 0001590364-25-000041 acc 0001590364-25-000041 segment note (Note: Segment Information) (3M)
Q3-2025,reported_3M,Corporate and Other,Provision for (benefit from) income taxes,-14.985,2025-10-29 10-Q acc 0001590364-25-000041 acc 0001590364-25-000041 segment note (Note: Segment Information) (3M)
Q3-2025,reported_3M,Eliminations,Provision for (benefit from) income taxes,0.0,2025-10-29 10-Q acc 0001590364-25-000041 acc 0001590364-25-000041 segment note (Note: Segment Information) (3M)
Q3-2025,reported_3M,Total,Provision for (benefit from) income taxes,26.33,2025-10-29 10-Q acc 0001590364-25-000041 acc 0001590364-25-000041 segment note (Note: Segment Information) (3M)
Q3-2025,reported_3M,Aviation Leasing,Net income (loss),41.612,2025-10-29 10-Q acc 0001590364-25-000041 acc 0001590364-25-000041 segment note (Note: Segment Information) (3M)
Q3-2025,reported_3M,Aerospace Products,Net income (loss),148.594,2025-10-29 10-Q acc 0001590364-25-000041 acc 0001590364-25-000041 segment note (Note: Segment Information) (3M)
Q3-2025,reported_3M,Corporate and Other,Net income (loss),-68.58,2025-10-29 10-Q acc 0001590364-25-000041 acc 0001590364-25-000041 segment note (Note: Segment Information) (3M)
Q3-2025,reported_3M,Eliminations,Net income (loss),-3.908,2025-10-29 10-Q acc 0001590364-25-000041 acc 0001590364-25-000041 segment note (Note: Segment Information) (3M)
Q3-2025,reported_3M,Total,Net income (loss),117.718,2025-10-29 10-Q acc 0001590364-25-000041 acc 0001590364-25-000041 segment note (Note: Segment Information) (3M)
Q4-2025,derived_FY_less_9M,Aerospace Products,Aerospace products revenue,456.139,FY from 2026-02-27 10-K acc 0001628280-26-012940 acc 0001628280-26-012940; 9M from 2025-10-29 10-Q acc 0001590364-25-000041 acc 0001590364-25-000041 (recast vintage)
Q4-2025,derived_FY_less_9M,Aviation Leasing,Aerospace products revenue,0.0,FY from 2026-02-27 10-K acc 0001628280-26-012940 acc 0001628280-26-012940; 9M from 2025-10-29 10-Q acc 0001590364-25-000041 acc 0001590364-25-000041 (recast vintage)
Q4-2025,derived_FY_less_9M,Corporate and Other,Aerospace products revenue,0.0,FY from 2026-02-27 10-K acc 0001628280-26-012940 acc 0001628280-26-012940; 9M from 2025-10-29 10-Q acc 0001590364-25-000041 acc 0001590364-25-000041 (recast vintage)
Q4-2025,derived_FY_less_9M,Eliminations,Aerospace products revenue,0.0,FY from 2026-02-27 10-K acc 0001628280-26-012940 acc 0001628280-26-012940; 9M from 2025-10-29 10-Q acc 0001590364-25-000041 acc 0001590364-25-000041 (recast vintage)
Q4-2025,derived_FY_less_9M,Total,Aerospace products revenue,456.139,FY from 2026-02-27 10-K acc 0001628280-26-012940 acc 0001628280-26-012940; 9M from 2025-10-29 10-Q acc 0001590364-25-000041 acc 0001590364-25-000041 (recast vintage)
Q4-2025,derived_FY_less_9M,Aerospace Products,MRE Contract revenue,106.902,FY from 2026-02-27 10-K acc 0001628280-26-012940 acc 0001628280-26-012940; 9M from 2025-10-29 10-Q acc 0001590364-25-000041 acc 0001590364-25-000041 (recast vintage)
Q4-2025,derived_FY_less_9M,Aviation Leasing,MRE Contract revenue,0.0,FY from 2026-02-27 10-K acc 0001628280-26-012940 acc 0001628280-26-012940; 9M from 2025-10-29 10-Q acc 0001590364-25-000041 acc 0001590364-25-000041 (recast vintage)
Q4-2025,derived_FY_less_9M,Corporate and Other,MRE Contract revenue,0.0,FY from 2026-02-27 10-K acc 0001628280-26-012940 acc 0001628280-26-012940; 9M from 2025-10-29 10-Q acc 0001590364-25-000041 acc 0001590364-25-000041 (recast vintage)
Q4-2025,derived_FY_less_9M,Eliminations,MRE Contract revenue,0.0,FY from 2026-02-27 10-K acc 0001628280-26-012940 acc 0001628280-26-012940; 9M from 2025-10-29 10-Q acc 0001590364-25-000041 acc 0001590364-25-000041 (recast vintage)
Q4-2025,derived_FY_less_9M,Total,MRE Contract revenue,106.902,FY from 2026-02-27 10-K acc 0001628280-26-012940 acc 0001628280-26-012940; 9M from 2025-10-29 10-Q acc 0001590364-25-000041 acc 0001590364-25-000041 (recast vintage)
Q4-2025,derived_FY_less_9M,Aerospace Products,Lease income,0.0,FY from 2026-02-27 10-K acc 0001628280-26-012940 acc 0001628280-26-012940; 9M from 2025-10-29 10-Q acc 0001590364-25-000041 acc 0001590364-25-000041 (recast vintage)
Q4-2025,derived_FY_less_9M,Aviation Leasing,Lease income,49.259,FY from 2026-02-27 10-K acc 0001628280-26-012940 acc 0001628280-26-012940; 9M from 2025-10-29 10-Q acc 0001590364-25-000041 acc 0001590364-25-000041 (recast vintage)
Q4-2025,derived_FY_less_9M,Corporate and Other,Lease income,0.0,FY from 2026-02-27 10-K acc 0001628280-26-012940 acc 0001628280-26-012940; 9M from 2025-10-29 10-Q acc 0001590364-25-000041 acc 0001590364-25-000041 (recast vintage)
Q4-2025,derived_FY_less_9M,Eliminations,Lease income,0.0,FY from 2026-02-27 10-K acc 0001628280-26-012940 acc 0001628280-26-012940; 9M from 2025-10-29 10-Q acc 0001590364-25-000041 acc 0001590364-25-000041 (recast vintage)
Q4-2025,derived_FY_less_9M,Total,Lease income,49.259,FY from 2026-02-27 10-K acc 0001628280-26-012940 acc 0001628280-26-012940; 9M from 2025-10-29 10-Q acc 0001590364-25-000041 acc 0001590364-25-000041 (recast vintage)
Q4-2025,derived_FY_less_9M,Aerospace Products,Maintenance revenue,0.0,FY from 2026-02-27 10-K acc 0001628280-26-012940 acc 0001628280-26-012940; 9M from 2025-10-29 10-Q acc 0001590364-25-000041 acc 0001590364-25-000041 (recast vintage)
Q4-2025,derived_FY_less_9M,Aviation Leasing,Maintenance revenue,43.418,FY from 2026-02-27 10-K acc 0001628280-26-012940 acc 0001628280-26-012940; 9M from 2025-10-29 10-Q acc 0001590364-25-000041 acc 0001590364-25-000041 (recast vintage)
Q4-2025,derived_FY_less_9M,Corporate and Other,Maintenance revenue,0.0,FY from 2026-02-27 10-K acc 0001628280-26-012940 acc 0001628280-26-012940; 9M from 2025-10-29 10-Q acc 0001590364-25-000041 acc 0001590364-25-000041 (recast vintage)
Q4-2025,derived_FY_less_9M,Eliminations,Maintenance revenue,0.0,FY from 2026-02-27 10-K acc 0001628280-26-012940 acc 0001628280-26-012940; 9M from 2025-10-29 10-Q acc 0001590364-25-000041 acc 0001590364-25-000041 (recast vintage)
Q4-2025,derived_FY_less_9M,Total,Maintenance revenue,43.418,FY from 2026-02-27 10-K acc 0001628280-26-012940 acc 0001628280-26-012940; 9M from 2025-10-29 10-Q acc 0001590364-25-000041 acc 0001590364-25-000041 (recast vintage)
Q4-2025,derived_FY_less_9M,Aerospace Products,Asset sales revenue,0.0,FY from 2026-02-27 10-K acc 0001628280-26-012940 acc 0001628280-26-012940; 9M from 2025-10-29 10-Q acc 0001590364-25-000041 acc 0001590364-25-000041 (recast vintage)
Q4-2025,derived_FY_less_9M,Aviation Leasing,Asset sales revenue,1.63,FY from 2026-02-27 10-K acc 0001628280-26-012940 acc 0001628280-26-012940; 9M from 2025-10-29 10-Q acc 0001590364-25-000041 acc 0001590364-25-000041 (recast vintage)
Q4-2025,derived_FY_less_9M,Corporate and Other,Asset sales revenue,0.0,FY from 2026-02-27 10-K acc 0001628280-26-012940 acc 0001628280-26-012940; 9M from 2025-10-29 10-Q acc 0001590364-25-000041 acc 0001590364-25-000041 (recast vintage)
Q4-2025,derived_FY_less_9M,Eliminations,Asset sales revenue,0.0,FY from 2026-02-27 10-K acc 0001628280-26-012940 acc 0001628280-26-012940; 9M from 2025-10-29 10-Q acc 0001590364-25-000041 acc 0001590364-25-000041 (recast vintage)
Q4-2025,derived_FY_less_9M,Total,Asset sales revenue,1.63,FY from 2026-02-27 10-K acc 0001628280-26-012940 acc 0001628280-26-012940; 9M from 2025-10-29 10-Q acc 0001590364-25-000041 acc 0001590364-25-000041 (recast vintage)
Q4-2025,derived_FY_less_9M,Aerospace Products,Other revenue,0.0,FY from 2026-02-27 10-K acc 0001628280-26-012940 acc 0001628280-26-012940; 9M from 2025-10-29 10-Q acc 0001590364-25-000041 acc 0001590364-25-000041 (recast vintage)
Q4-2025,derived_FY_less_9M,Aviation Leasing,Other revenue,4.68,FY from 2026-02-27 10-K acc 0001628280-26-012940 acc 0001628280-26-012940; 9M from 2025-10-29 10-Q acc 0001590364-25-000041 acc 0001590364-25-000041 (recast vintage)
Q4-2025,derived_FY_less_9M,Corporate and Other,Other revenue,0.0,FY from 2026-02-27 10-K acc 0001628280-26-012940 acc 0001628280-26-012940; 9M from 2025-10-29 10-Q acc 0001590364-25-000041 acc 0001590364-25-000041 (recast vintage)
Q4-2025,derived_FY_less_9M,Eliminations,Other revenue,0.0,FY from 2026-02-27 10-K acc 0001628280-26-012940 acc 0001628280-26-012940; 9M from 2025-10-29 10-Q acc 0001590364-25-000041 acc 0001590364-25-000041 (recast vintage)
Q4-2025,derived_FY_less_9M,Total,Other revenue,4.68,FY from 2026-02-27 10-K acc 0001628280-26-012940 acc 0001628280-26-012940; 9M from 2025-10-29 10-Q acc 0001590364-25-000041 acc 0001590364-25-000041 (recast vintage)
Q4-2025,derived_FY_less_9M,Aerospace Products,Total revenues,563.041,FY from 2026-02-27 10-K acc 0001628280-26-012940 acc 0001628280-26-012940; 9M from 2025-10-29 10-Q acc 0001590364-25-000041 acc 0001590364-25-000041 (recast vintage)
Q4-2025,derived_FY_less_9M,Aviation Leasing,Total revenues,98.987,FY from 2026-02-27 10-K acc 0001628280-26-012940 acc 0001628280-26-012940; 9M from 2025-10-29 10-Q acc 0001590364-25-000041 acc 0001590364-25-000041 (recast vintage)
Q4-2025,derived_FY_less_9M,Corporate and Other,Total revenues,0.0,FY from 2026-02-27 10-K acc 0001628280-26-012940 acc 0001628280-26-012940; 9M from 2025-10-29 10-Q acc 0001590364-25-000041 acc 0001590364-25-000041 (recast vintage)
Q4-2025,derived_FY_less_9M,Eliminations,Total revenues,0.0,FY from 2026-02-27 10-K acc 0001628280-26-012940 acc 0001628280-26-012940; 9M from 2025-10-29 10-Q acc 0001590364-25-000041 acc 0001590364-25-000041 (recast vintage)
Q4-2025,derived_FY_less_9M,Total,Total revenues,662.028,FY from 2026-02-27 10-K acc 0001628280-26-012940 acc 0001628280-26-012940; 9M from 2025-10-29 10-Q acc 0001590364-25-000041 acc 0001590364-25-000041 (recast vintage)
Q4-2025,derived_FY_less_9M,Aerospace Products,Cost of sales,365.991,FY from 2026-02-27 10-K acc 0001628280-26-012940 acc 0001628280-26-012940; 9M from 2025-10-29 10-Q acc 0001590364-25-000041 acc 0001590364-25-000041 (recast vintage)
Q4-2025,derived_FY_less_9M,Aviation Leasing,Cost of sales,2.834,FY from 2026-02-27 10-K acc 0001628280-26-012940 acc 0001628280-26-012940; 9M from 2025-10-29 10-Q acc 0001590364-25-000041 acc 0001590364-25-000041 (recast vintage)
Q4-2025,derived_FY_less_9M,Corporate and Other,Cost of sales,0.0,FY from 2026-02-27 10-K acc 0001628280-26-012940 acc 0001628280-26-012940; 9M from 2025-10-29 10-Q acc 0001590364-25-000041 acc 0001590364-25-000041 (recast vintage)
Q4-2025,derived_FY_less_9M,Eliminations,Cost of sales,0.0,FY from 2026-02-27 10-K acc 0001628280-26-012940 acc 0001628280-26-012940; 9M from 2025-10-29 10-Q acc 0001590364-25-000041 acc 0001590364-25-000041 (recast vintage)
Q4-2025,derived_FY_less_9M,Total,Cost of sales,368.825,FY from 2026-02-27 10-K acc 0001628280-26-012940 acc 0001628280-26-012940; 9M from 2025-10-29 10-Q acc 0001590364-25-000041 acc 0001590364-25-000041 (recast vintage)
Q4-2025,derived_FY_less_9M,Aerospace Products,Operating expenses,9.293,FY from 2026-02-27 10-K acc 0001628280-26-012940 acc 0001628280-26-012940; 9M from 2025-10-29 10-Q acc 0001590364-25-000041 acc 0001590364-25-000041 (recast vintage)
Q4-2025,derived_FY_less_9M,Aviation Leasing,Operating expenses,8.646,FY from 2026-02-27 10-K acc 0001628280-26-012940 acc 0001628280-26-012940; 9M from 2025-10-29 10-Q acc 0001590364-25-000041 acc 0001590364-25-000041 (recast vintage)
Q4-2025,derived_FY_less_9M,Corporate and Other,Operating expenses,28.744,FY from 2026-02-27 10-K acc 0001628280-26-012940 acc 0001628280-26-012940; 9M from 2025-10-29 10-Q acc 0001590364-25-000041 acc 0001590364-25-000041 (recast vintage)
Q4-2025,derived_FY_less_9M,Eliminations,Operating expenses,0.0,FY from 2026-02-27 10-K acc 0001628280-26-012940 acc 0001628280-26-012940; 9M from 2025-10-29 10-Q acc 0001590364-25-000041 acc 0001590364-25-000041 (recast vintage)
Q4-2025,derived_FY_less_9M,Total,Operating expenses,46.683,FY from 2026-02-27 10-K acc 0001628280-26-012940 acc 0001628280-26-012940; 9M from 2025-10-29 10-Q acc 0001590364-25-000041 acc 0001590364-25-000041 (recast vintage)
Q4-2025,derived_FY_less_9M,Aerospace Products,General and administrative,0.0,FY from 2026-02-27 10-K acc 0001628280-26-012940 acc 0001628280-26-012940; 9M from 2025-10-29 10-Q acc 0001590364-25-000041 acc 0001590364-25-000041 (recast vintage)
Q4-2025,derived_FY_less_9M,Aviation Leasing,General and administrative,0.0,FY from 2026-02-27 10-K acc 0001628280-26-012940 acc 0001628280-26-012940; 9M from 2025-10-29 10-Q acc 0001590364-25-000041 acc 0001590364-25-000041 (recast vintage)
Q4-2025,derived_FY_less_9M,Corporate and Other,General and administrative,2.091,FY from 2026-02-27 10-K acc 0001628280-26-012940 acc 0001628280-26-012940; 9M from 2025-10-29 10-Q acc 0001590364-25-000041 acc 0001590364-25-000041 (recast vintage)
Q4-2025,derived_FY_less_9M,Eliminations,General and administrative,0.0,FY from 2026-02-27 10-K acc 0001628280-26-012940 acc 0001628280-26-012940; 9M from 2025-10-29 10-Q acc 0001590364-25-000041 acc 0001590364-25-000041 (recast vintage)
Q4-2025,derived_FY_less_9M,Total,General and administrative,2.091,FY from 2026-02-27 10-K acc 0001628280-26-012940 acc 0001628280-26-012940; 9M from 2025-10-29 10-Q acc 0001590364-25-000041 acc 0001590364-25-000041 (recast vintage)
Q4-2025,derived_FY_less_9M,Aerospace Products,Acquisition and transaction expenses,0.053,FY from 2026-02-27 10-K acc 0001628280-26-012940 acc 0001628280-26-012940; 9M from 2025-10-29 10-Q acc 0001590364-25-000041 acc 0001590364-25-000041 (recast vintage)
Q4-2025,derived_FY_less_9M,Aviation Leasing,Acquisition and transaction expenses,2.129,FY from 2026-02-27 10-K acc 0001628280-26-012940 acc 0001628280-26-012940; 9M from 2025-10-29 10-Q acc 0001590364-25-000041 acc 0001590364-25-000041 (recast vintage)
Q4-2025,derived_FY_less_9M,Corporate and Other,Acquisition and transaction expenses,7.558,FY from 2026-02-27 10-K acc 0001628280-26-012940 acc 0001628280-26-012940; 9M from 2025-10-29 10-Q acc 0001590364-25-000041 acc 0001590364-25-000041 (recast vintage)
Q4-2025,derived_FY_less_9M,Eliminations,Acquisition and transaction expenses,0.0,FY from 2026-02-27 10-K acc 0001628280-26-012940 acc 0001628280-26-012940; 9M from 2025-10-29 10-Q acc 0001590364-25-000041 acc 0001590364-25-000041 (recast vintage)
Q4-2025,derived_FY_less_9M,Total,Acquisition and transaction expenses,9.74,FY from 2026-02-27 10-K acc 0001628280-26-012940 acc 0001628280-26-012940; 9M from 2025-10-29 10-Q acc 0001590364-25-000041 acc 0001590364-25-000041 (recast vintage)
Q4-2025,derived_FY_less_9M,Aerospace Products,Depreciation and amortization,4.546,FY from 2026-02-27 10-K acc 0001628280-26-012940 acc 0001628280-26-012940; 9M from 2025-10-29 10-Q acc 0001590364-25-000041 acc 0001590364-25-000041 (recast vintage)
Q4-2025,derived_FY_less_9M,Aviation Leasing,Depreciation and amortization,49.977,FY from 2026-02-27 10-K acc 0001628280-26-012940 acc 0001628280-26-012940; 9M from 2025-10-29 10-Q acc 0001590364-25-000041 acc 0001590364-25-000041 (recast vintage)
Q4-2025,derived_FY_less_9M,Corporate and Other,Depreciation and amortization,1.198,FY from 2026-02-27 10-K acc 0001628280-26-012940 acc 0001628280-26-012940; 9M from 2025-10-29 10-Q acc 0001590364-25-000041 acc 0001590364-25-000041 (recast vintage)
Q4-2025,derived_FY_less_9M,Eliminations,Depreciation and amortization,0.0,FY from 2026-02-27 10-K acc 0001628280-26-012940 acc 0001628280-26-012940; 9M from 2025-10-29 10-Q acc 0001590364-25-000041 acc 0001590364-25-000041 (recast vintage)
Q4-2025,derived_FY_less_9M,Total,Depreciation and amortization,55.721,FY from 2026-02-27 10-K acc 0001628280-26-012940 acc 0001628280-26-012940; 9M from 2025-10-29 10-Q acc 0001590364-25-000041 acc 0001590364-25-000041 (recast vintage)
Q4-2025,derived_FY_less_9M,Aerospace Products,Total expenses,379.883,FY from 2026-02-27 10-K acc 0001628280-26-012940 acc 0001628280-26-012940; 9M from 2025-10-29 10-Q acc 0001590364-25-000041 acc 0001590364-25-000041 (recast vintage)
Q4-2025,derived_FY_less_9M,Aviation Leasing,Total expenses,63.586,FY from 2026-02-27 10-K acc 0001628280-26-012940 acc 0001628280-26-012940; 9M from 2025-10-29 10-Q acc 0001590364-25-000041 acc 0001590364-25-000041 (recast vintage)
Q4-2025,derived_FY_less_9M,Corporate and Other,Total expenses,39.591,FY from 2026-02-27 10-K acc 0001628280-26-012940 acc 0001628280-26-012940; 9M from 2025-10-29 10-Q acc 0001590364-25-000041 acc 0001590364-25-000041 (recast vintage)
Q4-2025,derived_FY_less_9M,Eliminations,Total expenses,0.0,FY from 2026-02-27 10-K acc 0001628280-26-012940 acc 0001628280-26-012940; 9M from 2025-10-29 10-Q acc 0001590364-25-000041 acc 0001590364-25-000041 (recast vintage)
Q4-2025,derived_FY_less_9M,Total,Total expenses,483.06,FY from 2026-02-27 10-K acc 0001628280-26-012940 acc 0001628280-26-012940; 9M from 2025-10-29 10-Q acc 0001590364-25-000041 acc 0001590364-25-000041 (recast vintage)
Q4-2025,derived_FY_less_9M,Aerospace Products,Interest expense,0.0,FY from 2026-02-27 10-K acc 0001628280-26-012940 acc 0001628280-26-012940; 9M from 2025-10-29 10-Q acc 0001590364-25-000041 acc 0001590364-25-000041 (recast vintage)
Q4-2025,derived_FY_less_9M,Aviation Leasing,Interest expense,0.0,FY from 2026-02-27 10-K acc 0001628280-26-012940 acc 0001628280-26-012940; 9M from 2025-10-29 10-Q acc 0001590364-25-000041 acc 0001590364-25-000041 (recast vintage)
Q4-2025,derived_FY_less_9M,Corporate and Other,Interest expense,60.962,FY from 2026-02-27 10-K acc 0001628280-26-012940 acc 0001628280-26-012940; 9M from 2025-10-29 10-Q acc 0001590364-25-000041 acc 0001590364-25-000041 (recast vintage)
Q4-2025,derived_FY_less_9M,Eliminations,Interest expense,0.0,FY from 2026-02-27 10-K acc 0001628280-26-012940 acc 0001628280-26-012940; 9M from 2025-10-29 10-Q acc 0001590364-25-000041 acc 0001590364-25-000041 (recast vintage)
Q4-2025,derived_FY_less_9M,Total,Interest expense,60.962,FY from 2026-02-27 10-K acc 0001628280-26-012940 acc 0001628280-26-012940; 9M from 2025-10-29 10-Q acc 0001590364-25-000041 acc 0001590364-25-000041 (recast vintage)
Q4-2025,derived_FY_less_9M,Aerospace Products,Equity in earnings (losses) of unconsolidated entities,2.896,FY from 2026-02-27 10-K acc 0001628280-26-012940 acc 0001628280-26-012940; 9M from 2025-10-29 10-Q acc 0001590364-25-000041 acc 0001590364-25-000041 (recast vintage)
Q4-2025,derived_FY_less_9M,Aviation Leasing,Equity in earnings (losses) of unconsolidated entities,13.115,FY from 2026-02-27 10-K acc 0001628280-26-012940 acc 0001628280-26-012940; 9M from 2025-10-29 10-Q acc 0001590364-25-000041 acc 0001590364-25-000041 (recast vintage)
Q4-2025,derived_FY_less_9M,Corporate and Other,Equity in earnings (losses) of unconsolidated entities,0.0,FY from 2026-02-27 10-K acc 0001628280-26-012940 acc 0001628280-26-012940; 9M from 2025-10-29 10-Q acc 0001590364-25-000041 acc 0001590364-25-000041 (recast vintage)
Q4-2025,derived_FY_less_9M,Eliminations,Equity in earnings (losses) of unconsolidated entities,-22.829,FY from 2026-02-27 10-K acc 0001628280-26-012940 acc 0001628280-26-012940; 9M from 2025-10-29 10-Q acc 0001590364-25-000041 acc 0001590364-25-000041 (recast vintage)
Q4-2025,derived_FY_less_9M,Total,Equity in earnings (losses) of unconsolidated entities,-6.818,FY from 2026-02-27 10-K acc 0001628280-26-012940 acc 0001628280-26-012940; 9M from 2025-10-29 10-Q acc 0001590364-25-000041 acc 0001590364-25-000041 (recast vintage)
Q4-2025,derived_FY_less_9M,Aerospace Products,Gain on sale to the 2025 Partnership,0.0,FY from 2026-02-27 10-K acc 0001628280-26-012940 acc 0001628280-26-012940; 9M from 2025-10-29 10-Q acc 0001590364-25-000041 acc 0001590364-25-000041 (recast vintage)
Q4-2025,derived_FY_less_9M,Aviation Leasing,Gain on sale to the 2025 Partnership,-3.703,FY from 2026-02-27 10-K acc 0001628280-26-012940 acc 0001628280-26-012940; 9M from 2025-10-29 10-Q acc 0001590364-25-000041 acc 0001590364-25-000041 (recast vintage)
Q4-2025,derived_FY_less_9M,Corporate and Other,Gain on sale to the 2025 Partnership,0.0,FY from 2026-02-27 10-K acc 0001628280-26-012940 acc 0001628280-26-012940; 9M from 2025-10-29 10-Q acc 0001590364-25-000041 acc 0001590364-25-000041 (recast vintage)
Q4-2025,derived_FY_less_9M,Eliminations,Gain on sale to the 2025 Partnership,0.0,FY from 2026-02-27 10-K acc 0001628280-26-012940 acc 0001628280-26-012940; 9M from 2025-10-29 10-Q acc 0001590364-25-000041 acc 0001590364-25-000041 (recast vintage)
Q4-2025,derived_FY_less_9M,Total,Gain on sale to the 2025 Partnership,-3.703,FY from 2026-02-27 10-K acc 0001628280-26-012940 acc 0001628280-26-012940; 9M from 2025-10-29 10-Q acc 0001590364-25-000041 acc 0001590364-25-000041 (recast vintage)
Q4-2025,derived_FY_less_9M,Aerospace Products,Other income,5.441,FY from 2026-02-27 10-K acc 0001628280-26-012940 acc 0001628280-26-012940; 9M from 2025-10-29 10-Q acc 0001590364-25-000041 acc 0001590364-25-000041 (recast vintage)
Q4-2025,derived_FY_less_9M,Aviation Leasing,Other income,2.759,FY from 2026-02-27 10-K acc 0001628280-26-012940 acc 0001628280-26-012940; 9M from 2025-10-29 10-Q acc 0001590364-25-000041 acc 0001590364-25-000041 (recast vintage)
Q4-2025,derived_FY_less_9M,Corporate and Other,Other income,1.589,FY from 2026-02-27 10-K acc 0001628280-26-012940 acc 0001628280-26-012940; 9M from 2025-10-29 10-Q acc 0001590364-25-000041 acc 0001590364-25-000041 (recast vintage)
Q4-2025,derived_FY_less_9M,Eliminations,Other income,0.0,FY from 2026-02-27 10-K acc 0001628280-26-012940 acc 0001628280-26-012940; 9M from 2025-10-29 10-Q acc 0001590364-25-000041 acc 0001590364-25-000041 (recast vintage)
Q4-2025,derived_FY_less_9M,Total,Other income,9.789,FY from 2026-02-27 10-K acc 0001628280-26-012940 acc 0001628280-26-012940; 9M from 2025-10-29 10-Q acc 0001590364-25-000041 acc 0001590364-25-000041 (recast vintage)
Q4-2025,derived_FY_less_9M,Aerospace Products,Total other income (expense),6.743,FY from 2026-02-27 10-K acc 0001628280-26-012940 acc 0001628280-26-012940; 9M from 2025-10-29 10-Q acc 0001590364-25-000041 acc 0001590364-25-000041 (recast vintage)
Q4-2025,derived_FY_less_9M,Aviation Leasing,Total other income (expense),14.813,FY from 2026-02-27 10-K acc 0001628280-26-012940 acc 0001628280-26-012940; 9M from 2025-10-29 10-Q acc 0001590364-25-000041 acc 0001590364-25-000041 (recast vintage)
Q4-2025,derived_FY_less_9M,Corporate and Other,Total other income (expense),-59.373,FY from 2026-02-27 10-K acc 0001628280-26-012940 acc 0001628280-26-012940; 9M from 2025-10-29 10-Q acc 0001590364-25-000041 acc 0001590364-25-000041 (recast vintage)
Q4-2025,derived_FY_less_9M,Eliminations,Total other income (expense),-7.036,FY from 2026-02-27 10-K acc 0001628280-26-012940 acc 0001628280-26-012940; 9M from 2025-10-29 10-Q acc 0001590364-25-000041 acc 0001590364-25-000041 (recast vintage)
Q4-2025,derived_FY_less_9M,Total,Total other income (expense),-44.853,FY from 2026-02-27 10-K acc 0001628280-26-012940 acc 0001628280-26-012940; 9M from 2025-10-29 10-Q acc 0001590364-25-000041 acc 0001590364-25-000041 (recast vintage)
Q4-2025,derived_FY_less_9M,Aerospace Products,Income (loss) before income taxes,189.901,FY from 2026-02-27 10-K acc 0001628280-26-012940 acc 0001628280-26-012940; 9M from 2025-10-29 10-Q acc 0001590364-25-000041 acc 0001590364-25-000041 (recast vintage)
Q4-2025,derived_FY_less_9M,Aviation Leasing,Income (loss) before income taxes,50.214,FY from 2026-02-27 10-K acc 0001628280-26-012940 acc 0001628280-26-012940; 9M from 2025-10-29 10-Q acc 0001590364-25-000041 acc 0001590364-25-000041 (recast vintage)
Q4-2025,derived_FY_less_9M,Corporate and Other,Income (loss) before income taxes,-98.964,FY from 2026-02-27 10-K acc 0001628280-26-012940 acc 0001628280-26-012940; 9M from 2025-10-29 10-Q acc 0001590364-25-000041 acc 0001590364-25-000041 (recast vintage)
Q4-2025,derived_FY_less_9M,Eliminations,Income (loss) before income taxes,-7.036,FY from 2026-02-27 10-K acc 0001628280-26-012940 acc 0001628280-26-012940; 9M from 2025-10-29 10-Q acc 0001590364-25-000041 acc 0001590364-25-000041 (recast vintage)
Q4-2025,derived_FY_less_9M,Total,Income (loss) before income taxes,134.115,FY from 2026-02-27 10-K acc 0001628280-26-012940 acc 0001628280-26-012940; 9M from 2025-10-29 10-Q acc 0001590364-25-000041 acc 0001590364-25-000041 (recast vintage)
Q4-2025,derived_FY_less_9M,Aerospace Products,Provision for (benefit from) income taxes,30.374,FY from 2026-02-27 10-K acc 0001628280-26-012940 acc 0001628280-26-012940; 9M from 2025-10-29 10-Q acc 0001590364-25-000041 acc 0001590364-25-000041 (recast vintage)
Q4-2025,derived_FY_less_9M,Aviation Leasing,Provision for (benefit from) income taxes,3.931,FY from 2026-02-27 10-K acc 0001628280-26-012940 acc 0001628280-26-012940; 9M from 2025-10-29 10-Q acc 0001590364-25-000041 acc 0001590364-25-000041 (recast vintage)
Q4-2025,derived_FY_less_9M,Corporate and Other,Provision for (benefit from) income taxes,-15.752,FY from 2026-02-27 10-K acc 0001628280-26-012940 acc 0001628280-26-012940; 9M from 2025-10-29 10-Q acc 0001590364-25-000041 acc 0001590364-25-000041 (recast vintage)
Q4-2025,derived_FY_less_9M,Eliminations,Provision for (benefit from) income taxes,0.0,FY from 2026-02-27 10-K acc 0001628280-26-012940 acc 0001628280-26-012940; 9M from 2025-10-29 10-Q acc 0001590364-25-000041 acc 0001590364-25-000041 (recast vintage)
Q4-2025,derived_FY_less_9M,Total,Provision for (benefit from) income taxes,18.553,FY from 2026-02-27 10-K acc 0001628280-26-012940 acc 0001628280-26-012940; 9M from 2025-10-29 10-Q acc 0001590364-25-000041 acc 0001590364-25-000041 (recast vintage)
Q4-2025,derived_FY_less_9M,Aerospace Products,Net income (loss),159.527,FY from 2026-02-27 10-K acc 0001628280-26-012940 acc 0001628280-26-012940; 9M from 2025-10-29 10-Q acc 0001590364-25-000041 acc 0001590364-25-000041 (recast vintage)
Q4-2025,derived_FY_less_9M,Aviation Leasing,Net income (loss),46.283,FY from 2026-02-27 10-K acc 0001628280-26-012940 acc 0001628280-26-012940; 9M from 2025-10-29 10-Q acc 0001590364-25-000041 acc 0001590364-25-000041 (recast vintage)
Q4-2025,derived_FY_less_9M,Corporate and Other,Net income (loss),-83.212,FY from 2026-02-27 10-K acc 0001628280-26-012940 acc 0001628280-26-012940; 9M from 2025-10-29 10-Q acc 0001590364-25-000041 acc 0001590364-25-000041 (recast vintage)
Q4-2025,derived_FY_less_9M,Eliminations,Net income (loss),-7.036,FY from 2026-02-27 10-K acc 0001628280-26-012940 acc 0001628280-26-012940; 9M from 2025-10-29 10-Q acc 0001590364-25-000041 acc 0001590364-25-000041 (recast vintage)
Q4-2025,derived_FY_less_9M,Total,Net income (loss),115.562,FY from 2026-02-27 10-K acc 0001628280-26-012940 acc 0001628280-26-012940; 9M from 2025-10-29 10-Q acc 0001590364-25-000041 acc 0001590364-25-000041 (recast vintage)
Q1-2026,reported_3M,Aerospace Products,Aerospace products revenue,522.585,2026-05-01 10-Q acc 0001628280-26-029335 acc 0001628280-26-029335 segment note (Note: Segment Information) (3M)
Q1-2026,reported_3M,Aviation Leasing,Aerospace products revenue,0.0,2026-05-01 10-Q acc 0001628280-26-029335 acc 0001628280-26-029335 segment note (Note: Segment Information) (3M)
Q1-2026,reported_3M,Corporate and Other,Aerospace products revenue,0.0,2026-05-01 10-Q acc 0001628280-26-029335 acc 0001628280-26-029335 segment note (Note: Segment Information) (3M)
Q1-2026,reported_3M,Eliminations,Aerospace products revenue,0.0,2026-05-01 10-Q acc 0001628280-26-029335 acc 0001628280-26-029335 segment note (Note: Segment Information) (3M)
Q1-2026,reported_3M,Total,Aerospace products revenue,522.585,2026-05-01 10-Q acc 0001628280-26-029335 acc 0001628280-26-029335 segment note (Note: Segment Information) (3M)
Q1-2026,reported_3M,Aerospace Products,MRE Contract revenue,221.23,2026-05-01 10-Q acc 0001628280-26-029335 acc 0001628280-26-029335 segment note (Note: Segment Information) (3M)
Q1-2026,reported_3M,Aviation Leasing,MRE Contract revenue,0.0,2026-05-01 10-Q acc 0001628280-26-029335 acc 0001628280-26-029335 segment note (Note: Segment Information) (3M)
Q1-2026,reported_3M,Corporate and Other,MRE Contract revenue,0.0,2026-05-01 10-Q acc 0001628280-26-029335 acc 0001628280-26-029335 segment note (Note: Segment Information) (3M)
Q1-2026,reported_3M,Eliminations,MRE Contract revenue,0.0,2026-05-01 10-Q acc 0001628280-26-029335 acc 0001628280-26-029335 segment note (Note: Segment Information) (3M)
Q1-2026,reported_3M,Total,MRE Contract revenue,221.23,2026-05-01 10-Q acc 0001628280-26-029335 acc 0001628280-26-029335 segment note (Note: Segment Information) (3M)
Q1-2026,reported_3M,Aerospace Products,Lease income,0.0,2026-05-01 10-Q acc 0001628280-26-029335 acc 0001628280-26-029335 segment note (Note: Segment Information) (3M)
Q1-2026,reported_3M,Aviation Leasing,Lease income,39.892,2026-05-01 10-Q acc 0001628280-26-029335 acc 0001628280-26-029335 segment note (Note: Segment Information) (3M)
Q1-2026,reported_3M,Corporate and Other,Lease income,0.0,2026-05-01 10-Q acc 0001628280-26-029335 acc 0001628280-26-029335 segment note (Note: Segment Information) (3M)
Q1-2026,reported_3M,Eliminations,Lease income,0.0,2026-05-01 10-Q acc 0001628280-26-029335 acc 0001628280-26-029335 segment note (Note: Segment Information) (3M)
Q1-2026,reported_3M,Total,Lease income,39.892,2026-05-01 10-Q acc 0001628280-26-029335 acc 0001628280-26-029335 segment note (Note: Segment Information) (3M)
Q1-2026,reported_3M,Aerospace Products,Maintenance revenue,0.0,2026-05-01 10-Q acc 0001628280-26-029335 acc 0001628280-26-029335 segment note (Note: Segment Information) (3M)
Q1-2026,reported_3M,Aviation Leasing,Maintenance revenue,30.599,2026-05-01 10-Q acc 0001628280-26-029335 acc 0001628280-26-029335 segment note (Note: Segment Information) (3M)
Q1-2026,reported_3M,Corporate and Other,Maintenance revenue,0.0,2026-05-01 10-Q acc 0001628280-26-029335 acc 0001628280-26-029335 segment note (Note: Segment Information) (3M)
Q1-2026,reported_3M,Eliminations,Maintenance revenue,0.0,2026-05-01 10-Q acc 0001628280-26-029335 acc 0001628280-26-029335 segment note (Note: Segment Information) (3M)
Q1-2026,reported_3M,Total,Maintenance revenue,30.599,2026-05-01 10-Q acc 0001628280-26-029335 acc 0001628280-26-029335 segment note (Note: Segment Information) (3M)
Q1-2026,reported_3M,Aerospace Products,Asset sales revenue,0.0,2026-05-01 10-Q acc 0001628280-26-029335 acc 0001628280-26-029335 segment note (Note: Segment Information) (3M)
Q1-2026,reported_3M,Aviation Leasing,Asset sales revenue,10.184,2026-05-01 10-Q acc 0001628280-26-029335 acc 0001628280-26-029335 segment note (Note: Segment Information) (3M)
Q1-2026,reported_3M,Corporate and Other,Asset sales revenue,0.0,2026-05-01 10-Q acc 0001628280-26-029335 acc 0001628280-26-029335 segment note (Note: Segment Information) (3M)
Q1-2026,reported_3M,Eliminations,Asset sales revenue,0.0,2026-05-01 10-Q acc 0001628280-26-029335 acc 0001628280-26-029335 segment note (Note: Segment Information) (3M)
Q1-2026,reported_3M,Total,Asset sales revenue,10.184,2026-05-01 10-Q acc 0001628280-26-029335 acc 0001628280-26-029335 segment note (Note: Segment Information) (3M)
Q1-2026,reported_3M,Aerospace Products,Other revenue,0.0,2026-05-01 10-Q acc 0001628280-26-029335 acc 0001628280-26-029335 segment note (Note: Segment Information) (3M)
Q1-2026,reported_3M,Aviation Leasing,Other revenue,6.207,2026-05-01 10-Q acc 0001628280-26-029335 acc 0001628280-26-029335 segment note (Note: Segment Information) (3M)
Q1-2026,reported_3M,Corporate and Other,Other revenue,0.0,2026-05-01 10-Q acc 0001628280-26-029335 acc 0001628280-26-029335 segment note (Note: Segment Information) (3M)
Q1-2026,reported_3M,Eliminations,Other revenue,0.0,2026-05-01 10-Q acc 0001628280-26-029335 acc 0001628280-26-029335 segment note (Note: Segment Information) (3M)
Q1-2026,reported_3M,Total,Other revenue,6.207,2026-05-01 10-Q acc 0001628280-26-029335 acc 0001628280-26-029335 segment note (Note: Segment Information) (3M)
Q1-2026,reported_3M,Aerospace Products,Total revenues,743.815,2026-05-01 10-Q acc 0001628280-26-029335 acc 0001628280-26-029335 segment note (Note: Segment Information) (3M)
Q1-2026,reported_3M,Aviation Leasing,Total revenues,86.882,2026-05-01 10-Q acc 0001628280-26-029335 acc 0001628280-26-029335 segment note (Note: Segment Information) (3M)
Q1-2026,reported_3M,Corporate and Other,Total revenues,0.0,2026-05-01 10-Q acc 0001628280-26-029335 acc 0001628280-26-029335 segment note (Note: Segment Information) (3M)
Q1-2026,reported_3M,Eliminations,Total revenues,0.0,2026-05-01 10-Q acc 0001628280-26-029335 acc 0001628280-26-029335 segment note (Note: Segment Information) (3M)
Q1-2026,reported_3M,Total,Total revenues,830.697,2026-05-01 10-Q acc 0001628280-26-029335 acc 0001628280-26-029335 segment note (Note: Segment Information) (3M)
Q1-2026,reported_3M,Aerospace Products,Cost of sales,511.012,2026-05-01 10-Q acc 0001628280-26-029335 acc 0001628280-26-029335 segment note (Note: Segment Information) (3M)
Q1-2026,reported_3M,Aviation Leasing,Cost of sales,13.256,2026-05-01 10-Q acc 0001628280-26-029335 acc 0001628280-26-029335 segment note (Note: Segment Information) (3M)
Q1-2026,reported_3M,Corporate and Other,Cost of sales,0.0,2026-05-01 10-Q acc 0001628280-26-029335 acc 0001628280-26-029335 segment note (Note: Segment Information) (3M)
Q1-2026,reported_3M,Eliminations,Cost of sales,0.0,2026-05-01 10-Q acc 0001628280-26-029335 acc 0001628280-26-029335 segment note (Note: Segment Information) (3M)
Q1-2026,reported_3M,Total,Cost of sales,524.268,2026-05-01 10-Q acc 0001628280-26-029335 acc 0001628280-26-029335 segment note (Note: Segment Information) (3M)
Q1-2026,reported_3M,Aerospace Products,Operating expenses,10.839,2026-05-01 10-Q acc 0001628280-26-029335 acc 0001628280-26-029335 segment note (Note: Segment Information) (3M)
Q1-2026,reported_3M,Aviation Leasing,Operating expenses,10.275,2026-05-01 10-Q acc 0001628280-26-029335 acc 0001628280-26-029335 segment note (Note: Segment Information) (3M)
Q1-2026,reported_3M,Corporate and Other,Operating expenses,43.873,2026-05-01 10-Q acc 0001628280-26-029335 acc 0001628280-26-029335 segment note (Note: Segment Information) (3M)
Q1-2026,reported_3M,Eliminations,Operating expenses,0.0,2026-05-01 10-Q acc 0001628280-26-029335 acc 0001628280-26-029335 segment note (Note: Segment Information) (3M)
Q1-2026,reported_3M,Total,Operating expenses,64.987,2026-05-01 10-Q acc 0001628280-26-029335 acc 0001628280-26-029335 segment note (Note: Segment Information) (3M)
Q1-2026,reported_3M,Aerospace Products,General and administrative,0.0,2026-05-01 10-Q acc 0001628280-26-029335 acc 0001628280-26-029335 segment note (Note: Segment Information) (3M)
Q1-2026,reported_3M,Aviation Leasing,General and administrative,0.0,2026-05-01 10-Q acc 0001628280-26-029335 acc 0001628280-26-029335 segment note (Note: Segment Information) (3M)
Q1-2026,reported_3M,Corporate and Other,General and administrative,2.413,2026-05-01 10-Q acc 0001628280-26-029335 acc 0001628280-26-029335 segment note (Note: Segment Information) (3M)
Q1-2026,reported_3M,Eliminations,General and administrative,0.0,2026-05-01 10-Q acc 0001628280-26-029335 acc 0001628280-26-029335 segment note (Note: Segment Information) (3M)
Q1-2026,reported_3M,Total,General and administrative,2.413,2026-05-01 10-Q acc 0001628280-26-029335 acc 0001628280-26-029335 segment note (Note: Segment Information) (3M)
Q1-2026,reported_3M,Aerospace Products,Acquisition and transaction expenses,-0.015,2026-05-01 10-Q acc 0001628280-26-029335 acc 0001628280-26-029335 segment note (Note: Segment Information) (3M)
Q1-2026,reported_3M,Aviation Leasing,Acquisition and transaction expenses,4.186,2026-05-01 10-Q acc 0001628280-26-029335 acc 0001628280-26-029335 segment note (Note: Segment Information) (3M)
Q1-2026,reported_3M,Corporate and Other,Acquisition and transaction expenses,12.19,2026-05-01 10-Q acc 0001628280-26-029335 acc 0001628280-26-029335 segment note (Note: Segment Information) (3M)
Q1-2026,reported_3M,Eliminations,Acquisition and transaction expenses,0.0,2026-05-01 10-Q acc 0001628280-26-029335 acc 0001628280-26-029335 segment note (Note: Segment Information) (3M)
Q1-2026,reported_3M,Total,Acquisition and transaction expenses,16.361,2026-05-01 10-Q acc 0001628280-26-029335 acc 0001628280-26-029335 segment note (Note: Segment Information) (3M)
Q1-2026,reported_3M,Aerospace Products,Depreciation and amortization,4.678,2026-05-01 10-Q acc 0001628280-26-029335 acc 0001628280-26-029335 segment note (Note: Segment Information) (3M)
Q1-2026,reported_3M,Aviation Leasing,Depreciation and amortization,46.485,2026-05-01 10-Q acc 0001628280-26-029335 acc 0001628280-26-029335 segment note (Note: Segment Information) (3M)
Q1-2026,reported_3M,Corporate and Other,Depreciation and amortization,1.126,2026-05-01 10-Q acc 0001628280-26-029335 acc 0001628280-26-029335 segment note (Note: Segment Information) (3M)
Q1-2026,reported_3M,Eliminations,Depreciation and amortization,0.0,2026-05-01 10-Q acc 0001628280-26-029335 acc 0001628280-26-029335 segment note (Note: Segment Information) (3M)
Q1-2026,reported_3M,Total,Depreciation and amortization,52.289,2026-05-01 10-Q acc 0001628280-26-029335 acc 0001628280-26-029335 segment note (Note: Segment Information) (3M)
Q1-2026,reported_3M,Aerospace Products,Total expenses,526.514,2026-05-01 10-Q acc 0001628280-26-029335 acc 0001628280-26-029335 segment note (Note: Segment Information) (3M)
Q1-2026,reported_3M,Aviation Leasing,Total expenses,74.202,2026-05-01 10-Q acc 0001628280-26-029335 acc 0001628280-26-029335 segment note (Note: Segment Information) (3M)
Q1-2026,reported_3M,Corporate and Other,Total expenses,59.602,2026-05-01 10-Q acc 0001628280-26-029335 acc 0001628280-26-029335 segment note (Note: Segment Information) (3M)
Q1-2026,reported_3M,Eliminations,Total expenses,0.0,2026-05-01 10-Q acc 0001628280-26-029335 acc 0001628280-26-029335 segment note (Note: Segment Information) (3M)
Q1-2026,reported_3M,Total,Total expenses,660.318,2026-05-01 10-Q acc 0001628280-26-029335 acc 0001628280-26-029335 segment note (Note: Segment Information) (3M)
Q1-2026,reported_3M,Aerospace Products,Interest expense,0.0,2026-05-01 10-Q acc 0001628280-26-029335 acc 0001628280-26-029335 segment note (Note: Segment Information) (3M)
Q1-2026,reported_3M,Aviation Leasing,Interest expense,0.0,2026-05-01 10-Q acc 0001628280-26-029335 acc 0001628280-26-029335 segment note (Note: Segment Information) (3M)
Q1-2026,reported_3M,Corporate and Other,Interest expense,61.407,2026-05-01 10-Q acc 0001628280-26-029335 acc 0001628280-26-029335 segment note (Note: Segment Information) (3M)
Q1-2026,reported_3M,Eliminations,Interest expense,0.0,2026-05-01 10-Q acc 0001628280-26-029335 acc 0001628280-26-029335 segment note (Note: Segment Information) (3M)
Q1-2026,reported_3M,Total,Interest expense,61.407,2026-05-01 10-Q acc 0001628280-26-029335 acc 0001628280-26-029335 segment note (Note: Segment Information) (3M)
Q1-2026,reported_3M,Aerospace Products,Equity in (losses) earnings of unconsolidated entities,-0.04,2026-05-01 10-Q acc 0001628280-26-029335 acc 0001628280-26-029335 segment note (Note: Segment Information) (3M)
Q1-2026,reported_3M,Aviation Leasing,Equity in (losses) earnings of unconsolidated entities,7.677,2026-05-01 10-Q acc 0001628280-26-029335 acc 0001628280-26-029335 segment note (Note: Segment Information) (3M)
Q1-2026,reported_3M,Corporate and Other,Equity in (losses) earnings of unconsolidated entities,0.0,2026-05-01 10-Q acc 0001628280-26-029335 acc 0001628280-26-029335 segment note (Note: Segment Information) (3M)
Q1-2026,reported_3M,Eliminations,Equity in (losses) earnings of unconsolidated entities,-10.0,2026-05-01 10-Q acc 0001628280-26-029335 acc 0001628280-26-029335 segment note (Note: Segment Information) (3M)
Q1-2026,reported_3M,Total,Equity in (losses) earnings of unconsolidated entities,-2.363,2026-05-01 10-Q acc 0001628280-26-029335 acc 0001628280-26-029335 segment note (Note: Segment Information) (3M)
Q1-2026,reported_3M,Aerospace Products,Gain on sale to the 2025 Partnership,0.0,2026-05-01 10-Q acc 0001628280-26-029335 acc 0001628280-26-029335 segment note (Note: Segment Information) (3M)
Q1-2026,reported_3M,Aviation Leasing,Gain on sale to the 2025 Partnership,15.168,2026-05-01 10-Q acc 0001628280-26-029335 acc 0001628280-26-029335 segment note (Note: Segment Information) (3M)
Q1-2026,reported_3M,Corporate and Other,Gain on sale to the 2025 Partnership,0.0,2026-05-01 10-Q acc 0001628280-26-029335 acc 0001628280-26-029335 segment note (Note: Segment Information) (3M)
Q1-2026,reported_3M,Eliminations,Gain on sale to the 2025 Partnership,0.0,2026-05-01 10-Q acc 0001628280-26-029335 acc 0001628280-26-029335 segment note (Note: Segment Information) (3M)
Q1-2026,reported_3M,Total,Gain on sale to the 2025 Partnership,15.168,2026-05-01 10-Q acc 0001628280-26-029335 acc 0001628280-26-029335 segment note (Note: Segment Information) (3M)
Q1-2026,reported_3M,Aerospace Products,Other income,0.171,2026-05-01 10-Q acc 0001628280-26-029335 acc 0001628280-26-029335 segment note (Note: Segment Information) (3M)
Q1-2026,reported_3M,Aviation Leasing,Other income,47.239,2026-05-01 10-Q acc 0001628280-26-029335 acc 0001628280-26-029335 segment note (Note: Segment Information) (3M)
Q1-2026,reported_3M,Corporate and Other,Other income,0.172,2026-05-01 10-Q acc 0001628280-26-029335 acc 0001628280-26-029335 segment note (Note: Segment Information) (3M)
Q1-2026,reported_3M,Eliminations,Other income,0.0,2026-05-01 10-Q acc 0001628280-26-029335 acc 0001628280-26-029335 segment note (Note: Segment Information) (3M)
Q1-2026,reported_3M,Total,Other income,47.582,2026-05-01 10-Q acc 0001628280-26-029335 acc 0001628280-26-029335 segment note (Note: Segment Information) (3M)
Q1-2026,reported_3M,Aerospace Products,Total other income (expense),0.131,2026-05-01 10-Q acc 0001628280-26-029335 acc 0001628280-26-029335 segment note (Note: Segment Information) (3M)
Q1-2026,reported_3M,Aviation Leasing,Total other income (expense),70.084,2026-05-01 10-Q acc 0001628280-26-029335 acc 0001628280-26-029335 segment note (Note: Segment Information) (3M)
Q1-2026,reported_3M,Corporate and Other,Total other income (expense),-61.235,2026-05-01 10-Q acc 0001628280-26-029335 acc 0001628280-26-029335 segment note (Note: Segment Information) (3M)
Q1-2026,reported_3M,Eliminations,Total other income (expense),-10.0,2026-05-01 10-Q acc 0001628280-26-029335 acc 0001628280-26-029335 segment note (Note: Segment Information) (3M)
Q1-2026,reported_3M,Total,Total other income (expense),-1.02,2026-05-01 10-Q acc 0001628280-26-029335 acc 0001628280-26-029335 segment note (Note: Segment Information) (3M)
Q1-2026,reported_3M,Aerospace Products,Income (loss) before income taxes,217.432,2026-05-01 10-Q acc 0001628280-26-029335 acc 0001628280-26-029335 segment note (Note: Segment Information) (3M)
Q1-2026,reported_3M,Aviation Leasing,Income (loss) before income taxes,82.764,2026-05-01 10-Q acc 0001628280-26-029335 acc 0001628280-26-029335 segment note (Note: Segment Information) (3M)
Q1-2026,reported_3M,Corporate and Other,Income (loss) before income taxes,-120.837,2026-05-01 10-Q acc 0001628280-26-029335 acc 0001628280-26-029335 segment note (Note: Segment Information) (3M)
Q1-2026,reported_3M,Eliminations,Income (loss) before income taxes,-10.0,2026-05-01 10-Q acc 0001628280-26-029335 acc 0001628280-26-029335 segment note (Note: Segment Information) (3M)
Q1-2026,reported_3M,Total,Income (loss) before income taxes,169.359,2026-05-01 10-Q acc 0001628280-26-029335 acc 0001628280-26-029335 segment note (Note: Segment Information) (3M)
Q1-2026,reported_3M,Aerospace Products,Provision for (benefit from) income taxes,33.697,2026-05-01 10-Q acc 0001628280-26-029335 acc 0001628280-26-029335 segment note (Note: Segment Information) (3M)
Q1-2026,reported_3M,Aviation Leasing,Provision for (benefit from) income taxes,18.326,2026-05-01 10-Q acc 0001628280-26-029335 acc 0001628280-26-029335 segment note (Note: Segment Information) (3M)
Q1-2026,reported_3M,Corporate and Other,Provision for (benefit from) income taxes,-20.563,2026-05-01 10-Q acc 0001628280-26-029335 acc 0001628280-26-029335 segment note (Note: Segment Information) (3M)
Q1-2026,reported_3M,Eliminations,Provision for (benefit from) income taxes,0.0,2026-05-01 10-Q acc 0001628280-26-029335 acc 0001628280-26-029335 segment note (Note: Segment Information) (3M)
Q1-2026,reported_3M,Total,Provision for (benefit from) income taxes,31.46,2026-05-01 10-Q acc 0001628280-26-029335 acc 0001628280-26-029335 segment note (Note: Segment Information) (3M)
Q1-2026,reported_3M,Aerospace Products,Net income (loss),183.735,2026-05-01 10-Q acc 0001628280-26-029335 acc 0001628280-26-029335 segment note (Note: Segment Information) (3M)
Q1-2026,reported_3M,Aviation Leasing,Net income (loss),64.438,2026-05-01 10-Q acc 0001628280-26-029335 acc 0001628280-26-029335 segment note (Note: Segment Information) (3M)
Q1-2026,reported_3M,Corporate and Other,Net income (loss),-100.274,2026-05-01 10-Q acc 0001628280-26-029335 acc 0001628280-26-029335 segment note (Note: Segment Information) (3M)
Q1-2026,reported_3M,Eliminations,Net income (loss),-10.0,2026-05-01 10-Q acc 0001628280-26-029335 acc 0001628280-26-029335 segment note (Note: Segment Information) (3M)
Q1-2026,reported_3M,Total,Net income (loss),137.899,2026-05-01 10-Q acc 0001628280-26-029335 acc 0001628280-26-029335 segment note (Note: Segment Information) (3M)
Q2-2026,reported_3M,Aerospace Products,Aerospace products revenue,692.229,2026-07-31 10-Q acc 0001628280-26-051412 acc 0001628280-26-051412 segment note (Note: Segment Information) (3M)
Q2-2026,reported_3M,Aviation Leasing,Aerospace products revenue,0.0,2026-07-31 10-Q acc 0001628280-26-051412 acc 0001628280-26-051412 segment note (Note: Segment Information) (3M)
Q2-2026,reported_3M,Corporate and Other,Aerospace products revenue,0.0,2026-07-31 10-Q acc 0001628280-26-051412 acc 0001628280-26-051412 segment note (Note: Segment Information) (3M)
Q2-2026,reported_3M,Eliminations,Aerospace products revenue,0.0,2026-07-31 10-Q acc 0001628280-26-051412 acc 0001628280-26-051412 segment note (Note: Segment Information) (3M)
Q2-2026,reported_3M,Total,Aerospace products revenue,692.229,2026-07-31 10-Q acc 0001628280-26-051412 acc 0001628280-26-051412 segment note (Note: Segment Information) (3M)
Q2-2026,reported_3M,Aerospace Products,MRE Contract revenue,182.799,2026-07-31 10-Q acc 0001628280-26-051412 acc 0001628280-26-051412 segment note (Note: Segment Information) (3M)
Q2-2026,reported_3M,Aviation Leasing,MRE Contract revenue,0.0,2026-07-31 10-Q acc 0001628280-26-051412 acc 0001628280-26-051412 segment note (Note: Segment Information) (3M)
Q2-2026,reported_3M,Corporate and Other,MRE Contract revenue,0.0,2026-07-31 10-Q acc 0001628280-26-051412 acc 0001628280-26-051412 segment note (Note: Segment Information) (3M)
Q2-2026,reported_3M,Eliminations,MRE Contract revenue,0.0,2026-07-31 10-Q acc 0001628280-26-051412 acc 0001628280-26-051412 segment note (Note: Segment Information) (3M)
Q2-2026,reported_3M,Total,MRE Contract revenue,182.799,2026-07-31 10-Q acc 0001628280-26-051412 acc 0001628280-26-051412 segment note (Note: Segment Information) (3M)
Q2-2026,reported_3M,Aerospace Products,Lease income,0.0,2026-07-31 10-Q acc 0001628280-26-051412 acc 0001628280-26-051412 segment note (Note: Segment Information) (3M)
Q2-2026,reported_3M,Aviation Leasing,Lease income,27.765,2026-07-31 10-Q acc 0001628280-26-051412 acc 0001628280-26-051412 segment note (Note: Segment Information) (3M)
Q2-2026,reported_3M,Corporate and Other,Lease income,0.0,2026-07-31 10-Q acc 0001628280-26-051412 acc 0001628280-26-051412 segment note (Note: Segment Information) (3M)
Q2-2026,reported_3M,Eliminations,Lease income,0.0,2026-07-31 10-Q acc 0001628280-26-051412 acc 0001628280-26-051412 segment note (Note: Segment Information) (3M)
Q2-2026,reported_3M,Total,Lease income,27.765,2026-07-31 10-Q acc 0001628280-26-051412 acc 0001628280-26-051412 segment note (Note: Segment Information) (3M)
Q2-2026,reported_3M,Aerospace Products,Maintenance revenue,0.0,2026-07-31 10-Q acc 0001628280-26-051412 acc 0001628280-26-051412 segment note (Note: Segment Information) (3M)
Q2-2026,reported_3M,Aviation Leasing,Maintenance revenue,25.793,2026-07-31 10-Q acc 0001628280-26-051412 acc 0001628280-26-051412 segment note (Note: Segment Information) (3M)
Q2-2026,reported_3M,Corporate and Other,Maintenance revenue,0.0,2026-07-31 10-Q acc 0001628280-26-051412 acc 0001628280-26-051412 segment note (Note: Segment Information) (3M)
Q2-2026,reported_3M,Eliminations,Maintenance revenue,0.0,2026-07-31 10-Q acc 0001628280-26-051412 acc 0001628280-26-051412 segment note (Note: Segment Information) (3M)
Q2-2026,reported_3M,Total,Maintenance revenue,25.793,2026-07-31 10-Q acc 0001628280-26-051412 acc 0001628280-26-051412 segment note (Note: Segment Information) (3M)
Q2-2026,reported_3M,Aerospace Products,Asset sales revenue,0.0,2026-07-31 10-Q acc 0001628280-26-051412 acc 0001628280-26-051412 segment note (Note: Segment Information) (3M)
Q2-2026,reported_3M,Aviation Leasing,Asset sales revenue,16.925,2026-07-31 10-Q acc 0001628280-26-051412 acc 0001628280-26-051412 segment note (Note: Segment Information) (3M)
Q2-2026,reported_3M,Corporate and Other,Asset sales revenue,0.0,2026-07-31 10-Q acc 0001628280-26-051412 acc 0001628280-26-051412 segment note (Note: Segment Information) (3M)
Q2-2026,reported_3M,Eliminations,Asset sales revenue,0.0,2026-07-31 10-Q acc 0001628280-26-051412 acc 0001628280-26-051412 segment note (Note: Segment Information) (3M)
Q2-2026,reported_3M,Total,Asset sales revenue,16.925,2026-07-31 10-Q acc 0001628280-26-051412 acc 0001628280-26-051412 segment note (Note: Segment Information) (3M)
Q2-2026,reported_3M,Aerospace Products,Other revenue,0.0,2026-07-31 10-Q acc 0001628280-26-051412 acc 0001628280-26-051412 segment note (Note: Segment Information) (3M)
Q2-2026,reported_3M,Aviation Leasing,Other revenue,7.574,2026-07-31 10-Q acc 0001628280-26-051412 acc 0001628280-26-051412 segment note (Note: Segment Information) (3M)
Q2-2026,reported_3M,Corporate and Other,Other revenue,0.0,2026-07-31 10-Q acc 0001628280-26-051412 acc 0001628280-26-051412 segment note (Note: Segment Information) (3M)
Q2-2026,reported_3M,Eliminations,Other revenue,0.0,2026-07-31 10-Q acc 0001628280-26-051412 acc 0001628280-26-051412 segment note (Note: Segment Information) (3M)
Q2-2026,reported_3M,Total,Other revenue,7.574,2026-07-31 10-Q acc 0001628280-26-051412 acc 0001628280-26-051412 segment note (Note: Segment Information) (3M)
Q2-2026,reported_3M,Aerospace Products,Total revenues,875.028,2026-07-31 10-Q acc 0001628280-26-051412 acc 0001628280-26-051412 segment note (Note: Segment Information) (3M)
Q2-2026,reported_3M,Aviation Leasing,Total revenues,78.057,2026-07-31 10-Q acc 0001628280-26-051412 acc 0001628280-26-051412 segment note (Note: Segment Information) (3M)
Q2-2026,reported_3M,Corporate and Other,Total revenues,0.0,2026-07-31 10-Q acc 0001628280-26-051412 acc 0001628280-26-051412 segment note (Note: Segment Information) (3M)
Q2-2026,reported_3M,Eliminations,Total revenues,0.0,2026-07-31 10-Q acc 0001628280-26-051412 acc 0001628280-26-051412 segment note (Note: Segment Information) (3M)
Q2-2026,reported_3M,Total,Total revenues,953.085,2026-07-31 10-Q acc 0001628280-26-051412 acc 0001628280-26-051412 segment note (Note: Segment Information) (3M)
Q2-2026,reported_3M,Aerospace Products,Cost of sales,614.529,2026-07-31 10-Q acc 0001628280-26-051412 acc 0001628280-26-051412 segment note (Note: Segment Information) (3M)
Q2-2026,reported_3M,Aviation Leasing,Cost of sales,21.253,2026-07-31 10-Q acc 0001628280-26-051412 acc 0001628280-26-051412 segment note (Note: Segment Information) (3M)
Q2-2026,reported_3M,Corporate and Other,Cost of sales,0.0,2026-07-31 10-Q acc 0001628280-26-051412 acc 0001628280-26-051412 segment note (Note: Segment Information) (3M)
Q2-2026,reported_3M,Eliminations,Cost of sales,0.0,2026-07-31 10-Q acc 0001628280-26-051412 acc 0001628280-26-051412 segment note (Note: Segment Information) (3M)
Q2-2026,reported_3M,Total,Cost of sales,635.782,2026-07-31 10-Q acc 0001628280-26-051412 acc 0001628280-26-051412 segment note (Note: Segment Information) (3M)
Q2-2026,reported_3M,Aerospace Products,Operating expenses,10.997,2026-07-31 10-Q acc 0001628280-26-051412 acc 0001628280-26-051412 segment note (Note: Segment Information) (3M)
Q2-2026,reported_3M,Aviation Leasing,Operating expenses,11.785,2026-07-31 10-Q acc 0001628280-26-051412 acc 0001628280-26-051412 segment note (Note: Segment Information) (3M)
Q2-2026,reported_3M,Corporate and Other,Operating expenses,44.785,2026-07-31 10-Q acc 0001628280-26-051412 acc 0001628280-26-051412 segment note (Note: Segment Information) (3M)
Q2-2026,reported_3M,Eliminations,Operating expenses,0.0,2026-07-31 10-Q acc 0001628280-26-051412 acc 0001628280-26-051412 segment note (Note: Segment Information) (3M)
Q2-2026,reported_3M,Total,Operating expenses,67.567,2026-07-31 10-Q acc 0001628280-26-051412 acc 0001628280-26-051412 segment note (Note: Segment Information) (3M)
Q2-2026,reported_3M,Aerospace Products,General and administrative,0.0,2026-07-31 10-Q acc 0001628280-26-051412 acc 0001628280-26-051412 segment note (Note: Segment Information) (3M)
Q2-2026,reported_3M,Aviation Leasing,General and administrative,0.0,2026-07-31 10-Q acc 0001628280-26-051412 acc 0001628280-26-051412 segment note (Note: Segment Information) (3M)
Q2-2026,reported_3M,Corporate and Other,General and administrative,2.245,2026-07-31 10-Q acc 0001628280-26-051412 acc 0001628280-26-051412 segment note (Note: Segment Information) (3M)
Q2-2026,reported_3M,Eliminations,General and administrative,0.0,2026-07-31 10-Q acc 0001628280-26-051412 acc 0001628280-26-051412 segment note (Note: Segment Information) (3M)
Q2-2026,reported_3M,Total,General and administrative,2.245,2026-07-31 10-Q acc 0001628280-26-051412 acc 0001628280-26-051412 segment note (Note: Segment Information) (3M)
Q2-2026,reported_3M,Aerospace Products,Acquisition and transaction expenses,0.144,2026-07-31 10-Q acc 0001628280-26-051412 acc 0001628280-26-051412 segment note (Note: Segment Information) (3M)
Q2-2026,reported_3M,Aviation Leasing,Acquisition and transaction expenses,1.848,2026-07-31 10-Q acc 0001628280-26-051412 acc 0001628280-26-051412 segment note (Note: Segment Information) (3M)
Q2-2026,reported_3M,Corporate and Other,Acquisition and transaction expenses,3.707,2026-07-31 10-Q acc 0001628280-26-051412 acc 0001628280-26-051412 segment note (Note: Segment Information) (3M)
Q2-2026,reported_3M,Eliminations,Acquisition and transaction expenses,0.0,2026-07-31 10-Q acc 0001628280-26-051412 acc 0001628280-26-051412 segment note (Note: Segment Information) (3M)
Q2-2026,reported_3M,Total,Acquisition and transaction expenses,5.699,2026-07-31 10-Q acc 0001628280-26-051412 acc 0001628280-26-051412 segment note (Note: Segment Information) (3M)
Q2-2026,reported_3M,Aerospace Products,Depreciation and amortization,4.903,2026-07-31 10-Q acc 0001628280-26-051412 acc 0001628280-26-051412 segment note (Note: Segment Information) (3M)
Q2-2026,reported_3M,Aviation Leasing,Depreciation and amortization,40.985,2026-07-31 10-Q acc 0001628280-26-051412 acc 0001628280-26-051412 segment note (Note: Segment Information) (3M)
Q2-2026,reported_3M,Corporate and Other,Depreciation and amortization,1.098,2026-07-31 10-Q acc 0001628280-26-051412 acc 0001628280-26-051412 segment note (Note: Segment Information) (3M)
Q2-2026,reported_3M,Eliminations,Depreciation and amortization,0.0,2026-07-31 10-Q acc 0001628280-26-051412 acc 0001628280-26-051412 segment note (Note: Segment Information) (3M)
Q2-2026,reported_3M,Total,Depreciation and amortization,46.986,2026-07-31 10-Q acc 0001628280-26-051412 acc 0001628280-26-051412 segment note (Note: Segment Information) (3M)
Q2-2026,reported_3M,Aerospace Products,Total expenses,630.573,2026-07-31 10-Q acc 0001628280-26-051412 acc 0001628280-26-051412 segment note (Note: Segment Information) (3M)
Q2-2026,reported_3M,Aviation Leasing,Total expenses,75.871,2026-07-31 10-Q acc 0001628280-26-051412 acc 0001628280-26-051412 segment note (Note: Segment Information) (3M)
Q2-2026,reported_3M,Corporate and Other,Total expenses,51.835,2026-07-31 10-Q acc 0001628280-26-051412 acc 0001628280-26-051412 segment note (Note: Segment Information) (3M)
Q2-2026,reported_3M,Eliminations,Total expenses,0.0,2026-07-31 10-Q acc 0001628280-26-051412 acc 0001628280-26-051412 segment note (Note: Segment Information) (3M)
Q2-2026,reported_3M,Total,Total expenses,758.279,2026-07-31 10-Q acc 0001628280-26-051412 acc 0001628280-26-051412 segment note (Note: Segment Information) (3M)
Q2-2026,reported_3M,Aerospace Products,Interest expense,0.0,2026-07-31 10-Q acc 0001628280-26-051412 acc 0001628280-26-051412 segment note (Note: Segment Information) (3M)
Q2-2026,reported_3M,Aviation Leasing,Interest expense,0.0,2026-07-31 10-Q acc 0001628280-26-051412 acc 0001628280-26-051412 segment note (Note: Segment Information) (3M)
Q2-2026,reported_3M,Corporate and Other,Interest expense,64.102,2026-07-31 10-Q acc 0001628280-26-051412 acc 0001628280-26-051412 segment note (Note: Segment Information) (3M)
Q2-2026,reported_3M,Eliminations,Interest expense,0.0,2026-07-31 10-Q acc 0001628280-26-051412 acc 0001628280-26-051412 segment note (Note: Segment Information) (3M)
Q2-2026,reported_3M,Total,Interest expense,64.102,2026-07-31 10-Q acc 0001628280-26-051412 acc 0001628280-26-051412 segment note (Note: Segment Information) (3M)
Q2-2026,reported_3M,Aerospace Products,Equity in (losses) earnings of unconsolidated entities,-0.182,2026-07-31 10-Q acc 0001628280-26-051412 acc 0001628280-26-051412 segment note (Note: Segment Information) (3M)
Q2-2026,reported_3M,Aviation Leasing,Equity in (losses) earnings of unconsolidated entities,16.749,2026-07-31 10-Q acc 0001628280-26-051412 acc 0001628280-26-051412 segment note (Note: Segment Information) (3M)
Q2-2026,reported_3M,Corporate and Other,Equity in (losses) earnings of unconsolidated entities,0.0,2026-07-31 10-Q acc 0001628280-26-051412 acc 0001628280-26-051412 segment note (Note: Segment Information) (3M)
Q2-2026,reported_3M,Eliminations,Equity in (losses) earnings of unconsolidated entities,-6.597,2026-07-31 10-Q acc 0001628280-26-051412 acc 0001628280-26-051412 segment note (Note: Segment Information) (3M)
Q2-2026,reported_3M,Total,Equity in (losses) earnings of unconsolidated entities,9.97,2026-07-31 10-Q acc 0001628280-26-051412 acc 0001628280-26-051412 segment note (Note: Segment Information) (3M)
Q2-2026,reported_3M,Aerospace Products,Gain on sale to the 2025 Partnership,0.0,2026-07-31 10-Q acc 0001628280-26-051412 acc 0001628280-26-051412 segment note (Note: Segment Information) (3M)
Q2-2026,reported_3M,Aviation Leasing,Gain on sale to the 2025 Partnership,2.465,2026-07-31 10-Q acc 0001628280-26-051412 acc 0001628280-26-051412 segment note (Note: Segment Information) (3M)
Q2-2026,reported_3M,Corporate and Other,Gain on sale to the 2025 Partnership,0.0,2026-07-31 10-Q acc 0001628280-26-051412 acc 0001628280-26-051412 segment note (Note: Segment Information) (3M)
Q2-2026,reported_3M,Eliminations,Gain on sale to the 2025 Partnership,0.0,2026-07-31 10-Q acc 0001628280-26-051412 acc 0001628280-26-051412 segment note (Note: Segment Information) (3M)
Q2-2026,reported_3M,Total,Gain on sale to the 2025 Partnership,2.465,2026-07-31 10-Q acc 0001628280-26-051412 acc 0001628280-26-051412 segment note (Note: Segment Information) (3M)
Q2-2026,reported_3M,Aerospace Products,Other income,-0.059,2026-07-31 10-Q acc 0001628280-26-051412 acc 0001628280-26-051412 segment note (Note: Segment Information) (3M)
Q2-2026,reported_3M,Aviation Leasing,Other income,7.237,2026-07-31 10-Q acc 0001628280-26-051412 acc 0001628280-26-051412 segment note (Note: Segment Information) (3M)
Q2-2026,reported_3M,Corporate and Other,Other income,0.396,2026-07-31 10-Q acc 0001628280-26-051412 acc 0001628280-26-051412 segment note (Note: Segment Information) (3M)
Q2-2026,reported_3M,Eliminations,Other income,0.0,2026-07-31 10-Q acc 0001628280-26-051412 acc 0001628280-26-051412 segment note (Note: Segment Information) (3M)
Q2-2026,reported_3M,Total,Other income,7.574,2026-07-31 10-Q acc 0001628280-26-051412 acc 0001628280-26-051412 segment note (Note: Segment Information) (3M)
Q2-2026,reported_3M,Aerospace Products,Total other (expense) income,-0.241,2026-07-31 10-Q acc 0001628280-26-051412 acc 0001628280-26-051412 segment note (Note: Segment Information) (3M)
Q2-2026,reported_3M,Aviation Leasing,Total other (expense) income,26.451,2026-07-31 10-Q acc 0001628280-26-051412 acc 0001628280-26-051412 segment note (Note: Segment Information) (3M)
Q2-2026,reported_3M,Corporate and Other,Total other (expense) income,-63.706,2026-07-31 10-Q acc 0001628280-26-051412 acc 0001628280-26-051412 segment note (Note: Segment Information) (3M)
Q2-2026,reported_3M,Eliminations,Total other (expense) income,-6.597,2026-07-31 10-Q acc 0001628280-26-051412 acc 0001628280-26-051412 segment note (Note: Segment Information) (3M)
Q2-2026,reported_3M,Total,Total other (expense) income,-44.093,2026-07-31 10-Q acc 0001628280-26-051412 acc 0001628280-26-051412 segment note (Note: Segment Information) (3M)
Q2-2026,reported_3M,Aerospace Products,Income (loss) before income taxes,244.214,2026-07-31 10-Q acc 0001628280-26-051412 acc 0001628280-26-051412 segment note (Note: Segment Information) (3M)
Q2-2026,reported_3M,Aviation Leasing,Income (loss) before income taxes,28.637,2026-07-31 10-Q acc 0001628280-26-051412 acc 0001628280-26-051412 segment note (Note: Segment Information) (3M)
Q2-2026,reported_3M,Corporate and Other,Income (loss) before income taxes,-115.541,2026-07-31 10-Q acc 0001628280-26-051412 acc 0001628280-26-051412 segment note (Note: Segment Information) (3M)
Q2-2026,reported_3M,Eliminations,Income (loss) before income taxes,-6.597,2026-07-31 10-Q acc 0001628280-26-051412 acc 0001628280-26-051412 segment note (Note: Segment Information) (3M)
Q2-2026,reported_3M,Total,Income (loss) before income taxes,150.713,2026-07-31 10-Q acc 0001628280-26-051412 acc 0001628280-26-051412 segment note (Note: Segment Information) (3M)
Q2-2026,reported_3M,Aerospace Products,Provision for (benefit from) income taxes,49.97,2026-07-31 10-Q acc 0001628280-26-051412 acc 0001628280-26-051412 segment note (Note: Segment Information) (3M)
Q2-2026,reported_3M,Aviation Leasing,Provision for (benefit from) income taxes,7.771,2026-07-31 10-Q acc 0001628280-26-051412 acc 0001628280-26-051412 segment note (Note: Segment Information) (3M)
Q2-2026,reported_3M,Corporate and Other,Provision for (benefit from) income taxes,-32.122,2026-07-31 10-Q acc 0001628280-26-051412 acc 0001628280-26-051412 segment note (Note: Segment Information) (3M)
Q2-2026,reported_3M,Eliminations,Provision for (benefit from) income taxes,0.0,2026-07-31 10-Q acc 0001628280-26-051412 acc 0001628280-26-051412 segment note (Note: Segment Information) (3M)
Q2-2026,reported_3M,Total,Provision for (benefit from) income taxes,25.619,2026-07-31 10-Q acc 0001628280-26-051412 acc 0001628280-26-051412 segment note (Note: Segment Information) (3M)
Q2-2026,reported_3M,Aerospace Products,Net income (loss),194.244,2026-07-31 10-Q acc 0001628280-26-051412 acc 0001628280-26-051412 segment note (Note: Segment Information) (3M)
Q2-2026,reported_3M,Aviation Leasing,Net income (loss),20.866,2026-07-31 10-Q acc 0001628280-26-051412 acc 0001628280-26-051412 segment note (Note: Segment Information) (3M)
Q2-2026,reported_3M,Corporate and Other,Net income (loss),-83.419,2026-07-31 10-Q acc 0001628280-26-051412 acc 0001628280-26-051412 segment note (Note: Segment Information) (3M)
Q2-2026,reported_3M,Eliminations,Net income (loss),-6.597,2026-07-31 10-Q acc 0001628280-26-051412 acc 0001628280-26-051412 segment note (Note: Segment Information) (3M)
Q2-2026,reported_3M,Total,Net income (loss),125.094,2026-07-31 10-Q acc 0001628280-26-051412 acc 0001628280-26-051412 segment note (Note: Segment Information) (3M)
FY2023,reported_FY,Aerospace Products,Aerospace products revenue,454.97,2026-02-27 10-K acc 0001628280-26-012940 acc 0001628280-26-012940 segment note
FY2023,reported_FY,Aviation Leasing,Aerospace products revenue,0.0,2026-02-27 10-K acc 0001628280-26-012940 acc 0001628280-26-012940 segment note
FY2023,reported_FY,Corporate and Other,Aerospace products revenue,0.0,2026-02-27 10-K acc 0001628280-26-012940 acc 0001628280-26-012940 segment note
FY2023,reported_FY,Total,Aerospace products revenue,454.97,2026-02-27 10-K acc 0001628280-26-012940 acc 0001628280-26-012940 segment note
FY2023,reported_FY,Aerospace Products,Lease income,0.0,2026-02-27 10-K acc 0001628280-26-012940 acc 0001628280-26-012940 segment note
FY2023,reported_FY,Aviation Leasing,Lease income,179.704,2026-02-27 10-K acc 0001628280-26-012940 acc 0001628280-26-012940 segment note
FY2023,reported_FY,Corporate and Other,Lease income,28.232,2026-02-27 10-K acc 0001628280-26-012940 acc 0001628280-26-012940 segment note
FY2023,reported_FY,Total,Lease income,207.936,2026-02-27 10-K acc 0001628280-26-012940 acc 0001628280-26-012940 segment note
FY2023,reported_FY,Aerospace Products,Maintenance revenue,0.0,2026-02-27 10-K acc 0001628280-26-012940 acc 0001628280-26-012940 segment note
FY2023,reported_FY,Aviation Leasing,Maintenance revenue,191.347,2026-02-27 10-K acc 0001628280-26-012940 acc 0001628280-26-012940 segment note
FY2023,reported_FY,Corporate and Other,Maintenance revenue,0.0,2026-02-27 10-K acc 0001628280-26-012940 acc 0001628280-26-012940 segment note
FY2023,reported_FY,Total,Maintenance revenue,191.347,2026-02-27 10-K acc 0001628280-26-012940 acc 0001628280-26-012940 segment note
FY2023,reported_FY,Aerospace Products,Asset sales revenue,0.0,2026-02-27 10-K acc 0001628280-26-012940 acc 0001628280-26-012940 segment note
FY2023,reported_FY,Aviation Leasing,Asset sales revenue,303.141,2026-02-27 10-K acc 0001628280-26-012940 acc 0001628280-26-012940 segment note
FY2023,reported_FY,Corporate and Other,Asset sales revenue,0.0,2026-02-27 10-K acc 0001628280-26-012940 acc 0001628280-26-012940 segment note
FY2023,reported_FY,Total,Asset sales revenue,303.141,2026-02-27 10-K acc 0001628280-26-012940 acc 0001628280-26-012940 segment note
FY2023,reported_FY,Aerospace Products,Other revenue,0.0,2026-02-27 10-K acc 0001628280-26-012940 acc 0001628280-26-012940 segment note
FY2023,reported_FY,Aviation Leasing,Other revenue,7.419,2026-02-27 10-K acc 0001628280-26-012940 acc 0001628280-26-012940 segment note
FY2023,reported_FY,Corporate and Other,Other revenue,6.083,2026-02-27 10-K acc 0001628280-26-012940 acc 0001628280-26-012940 segment note
FY2023,reported_FY,Total,Other revenue,13.502,2026-02-27 10-K acc 0001628280-26-012940 acc 0001628280-26-012940 segment note
FY2023,reported_FY,Aerospace Products,Total revenues,454.97,2026-02-27 10-K acc 0001628280-26-012940 acc 0001628280-26-012940 segment note
FY2023,reported_FY,Aviation Leasing,Total revenues,681.611,2026-02-27 10-K acc 0001628280-26-012940 acc 0001628280-26-012940 segment note
FY2023,reported_FY,Corporate and Other,Total revenues,34.315,2026-02-27 10-K acc 0001628280-26-012940 acc 0001628280-26-012940 segment note
FY2023,reported_FY,Total,Total revenues,1170.896,2026-02-27 10-K acc 0001628280-26-012940 acc 0001628280-26-012940 segment note
FY2023,reported_FY,Aerospace Products,Cost of sales,280.28,2026-02-27 10-K acc 0001628280-26-012940 acc 0001628280-26-012940 segment note
FY2023,reported_FY,Aviation Leasing,Cost of sales,221.852,2026-02-27 10-K acc 0001628280-26-012940 acc 0001628280-26-012940 segment note
FY2023,reported_FY,Corporate and Other,Cost of sales,0.0,2026-02-27 10-K acc 0001628280-26-012940 acc 0001628280-26-012940 segment note
FY2023,reported_FY,Total,Cost of sales,502.132,2026-02-27 10-K acc 0001628280-26-012940 acc 0001628280-26-012940 segment note
FY2023,reported_FY,Aerospace Products,Operating expenses,20.459,2026-02-27 10-K acc 0001628280-26-012940 acc 0001628280-26-012940 segment note
FY2023,reported_FY,Aviation Leasing,Operating expenses,37.876,2026-02-27 10-K acc 0001628280-26-012940 acc 0001628280-26-012940 segment note
FY2023,reported_FY,Corporate and Other,Operating expenses,51.828,2026-02-27 10-K acc 0001628280-26-012940 acc 0001628280-26-012940 segment note
FY2023,reported_FY,Total,Operating expenses,110.163,2026-02-27 10-K acc 0001628280-26-012940 acc 0001628280-26-012940 segment note
FY2023,reported_FY,Aerospace Products,General and administrative,0.0,2026-02-27 10-K acc 0001628280-26-012940 acc 0001628280-26-012940 segment note
FY2023,reported_FY,Aviation Leasing,General and administrative,0.0,2026-02-27 10-K acc 0001628280-26-012940 acc 0001628280-26-012940 segment note
FY2023,reported_FY,Corporate and Other,General and administrative,13.7,2026-02-27 10-K acc 0001628280-26-012940 acc 0001628280-26-012940 segment note
FY2023,reported_FY,Total,General and administrative,13.7,2026-02-27 10-K acc 0001628280-26-012940 acc 0001628280-26-012940 segment note
FY2023,reported_FY,Aerospace Products,Acquisition and transaction expenses,1.722,2026-02-27 10-K acc 0001628280-26-012940 acc 0001628280-26-012940 segment note
FY2023,reported_FY,Aviation Leasing,Acquisition and transaction expenses,7.15,2026-02-27 10-K acc 0001628280-26-012940 acc 0001628280-26-012940 segment note
FY2023,reported_FY,Corporate and Other,Acquisition and transaction expenses,6.322,2026-02-27 10-K acc 0001628280-26-012940 acc 0001628280-26-012940 segment note
FY2023,reported_FY,Total,Acquisition and transaction expenses,15.194,2026-02-27 10-K acc 0001628280-26-012940 acc 0001628280-26-012940 segment note
FY2023,reported_FY,Aerospace Products,Management fees and incentive allocation to affiliate,0.0,2026-02-27 10-K acc 0001628280-26-012940 acc 0001628280-26-012940 segment note
FY2023,reported_FY,Aviation Leasing,Management fees and incentive allocation to affiliate,0.0,2026-02-27 10-K acc 0001628280-26-012940 acc 0001628280-26-012940 segment note
FY2023,reported_FY,Corporate and Other,Management fees and incentive allocation to affiliate,18.037,2026-02-27 10-K acc 0001628280-26-012940 acc 0001628280-26-012940 segment note
FY2023,reported_FY,Total,Management fees and incentive allocation to affiliate,18.037,2026-02-27 10-K acc 0001628280-26-012940 acc 0001628280-26-012940 segment note
FY2023,reported_FY,Aerospace Products,Depreciation and amortization,0.661,2026-02-27 10-K acc 0001628280-26-012940 acc 0001628280-26-012940 segment note
FY2023,reported_FY,Aviation Leasing,Depreciation and amortization,158.354,2026-02-27 10-K acc 0001628280-26-012940 acc 0001628280-26-012940 segment note
FY2023,reported_FY,Corporate and Other,Depreciation and amortization,10.862,2026-02-27 10-K acc 0001628280-26-012940 acc 0001628280-26-012940 segment note
FY2023,reported_FY,Total,Depreciation and amortization,169.877,2026-02-27 10-K acc 0001628280-26-012940 acc 0001628280-26-012940 segment note
FY2023,reported_FY,Aerospace Products,Asset impairment,0.0,2026-02-27 10-K acc 0001628280-26-012940 acc 0001628280-26-012940 segment note
FY2023,reported_FY,Aviation Leasing,Asset impairment,2.121,2026-02-27 10-K acc 0001628280-26-012940 acc 0001628280-26-012940 segment note
FY2023,reported_FY,Corporate and Other,Asset impairment,0.0,2026-02-27 10-K acc 0001628280-26-012940 acc 0001628280-26-012940 segment note
FY2023,reported_FY,Total,Asset impairment,2.121,2026-02-27 10-K acc 0001628280-26-012940 acc 0001628280-26-012940 segment note
FY2023,reported_FY,Aerospace Products,Total expenses,303.122,2026-02-27 10-K acc 0001628280-26-012940 acc 0001628280-26-012940 segment note
FY2023,reported_FY,Aviation Leasing,Total expenses,427.353,2026-02-27 10-K acc 0001628280-26-012940 acc 0001628280-26-012940 segment note
FY2023,reported_FY,Corporate and Other,Total expenses,100.749,2026-02-27 10-K acc 0001628280-26-012940 acc 0001628280-26-012940 segment note
FY2023,reported_FY,Total,Total expenses,831.224,2026-02-27 10-K acc 0001628280-26-012940 acc 0001628280-26-012940 segment note
FY2023,reported_FY,Aerospace Products,Equity in earnings (losses) of unconsolidated entities,-1.458,2026-02-27 10-K acc 0001628280-26-012940 acc 0001628280-26-012940 segment note
FY2023,reported_FY,Aviation Leasing,Equity in earnings (losses) of unconsolidated entities,-0.148,2026-02-27 10-K acc 0001628280-26-012940 acc 0001628280-26-012940 segment note
FY2023,reported_FY,Corporate and Other,Equity in earnings (losses) of unconsolidated entities,0.0,2026-02-27 10-K acc 0001628280-26-012940 acc 0001628280-26-012940 segment note
FY2023,reported_FY,Total,Equity in earnings (losses) of unconsolidated entities,-1.606,2026-02-27 10-K acc 0001628280-26-012940 acc 0001628280-26-012940 segment note
FY2023,reported_FY,Aerospace Products,Interest expense,0.0,2026-02-27 10-K acc 0001628280-26-012940 acc 0001628280-26-012940 segment note
FY2023,reported_FY,Aviation Leasing,Interest expense,0.0,2026-02-27 10-K acc 0001628280-26-012940 acc 0001628280-26-012940 segment note
FY2023,reported_FY,Corporate and Other,Interest expense,161.639,2026-02-27 10-K acc 0001628280-26-012940 acc 0001628280-26-012940 segment note
FY2023,reported_FY,Total,Interest expense,161.639,2026-02-27 10-K acc 0001628280-26-012940 acc 0001628280-26-012940 segment note
FY2023,reported_FY,Aerospace Products,Other income (expense),5.347,2026-02-27 10-K acc 0001628280-26-012940 acc 0001628280-26-012940 segment note
FY2023,reported_FY,Aviation Leasing,Other income (expense),1.3,2026-02-27 10-K acc 0001628280-26-012940 acc 0001628280-26-012940 segment note
FY2023,reported_FY,Corporate and Other,Other income (expense),0.943,2026-02-27 10-K acc 0001628280-26-012940 acc 0001628280-26-012940 segment note
FY2023,reported_FY,Total,Other income (expense),7.59,2026-02-27 10-K acc 0001628280-26-012940 acc 0001628280-26-012940 segment note
FY2023,reported_FY,Aerospace Products,Total other income (expense),3.889,2026-02-27 10-K acc 0001628280-26-012940 acc 0001628280-26-012940 segment note
FY2023,reported_FY,Aviation Leasing,Total other income (expense),1.152,2026-02-27 10-K acc 0001628280-26-012940 acc 0001628280-26-012940 segment note
FY2023,reported_FY,Corporate and Other,Total other income (expense),-160.696,2026-02-27 10-K acc 0001628280-26-012940 acc 0001628280-26-012940 segment note
FY2023,reported_FY,Total,Total other income (expense),-155.655,2026-02-27 10-K acc 0001628280-26-012940 acc 0001628280-26-012940 segment note
FY2023,reported_FY,Aerospace Products,Income (loss) from continuing operations before income taxes,155.737,2026-02-27 10-K acc 0001628280-26-012940 acc 0001628280-26-012940 segment note
FY2023,reported_FY,Aviation Leasing,Income (loss) from continuing operations before income taxes,255.41,2026-02-27 10-K acc 0001628280-26-012940 acc 0001628280-26-012940 segment note
FY2023,reported_FY,Corporate and Other,Income (loss) from continuing operations before income taxes,-227.13,2026-02-27 10-K acc 0001628280-26-012940 acc 0001628280-26-012940 segment note
FY2023,reported_FY,Total,Income (loss) from continuing operations before income taxes,184.017,2026-02-27 10-K acc 0001628280-26-012940 acc 0001628280-26-012940 segment note
FY2023,reported_FY,Aerospace Products,Provision for (benefit from) income taxes,-24.44,2026-02-27 10-K acc 0001628280-26-012940 acc 0001628280-26-012940 segment note
FY2023,reported_FY,Aviation Leasing,Provision for (benefit from) income taxes,-36.193,2026-02-27 10-K acc 0001628280-26-012940 acc 0001628280-26-012940 segment note
FY2023,reported_FY,Corporate and Other,Provision for (benefit from) income taxes,0.833,2026-02-27 10-K acc 0001628280-26-012940 acc 0001628280-26-012940 segment note
FY2023,reported_FY,Total,Provision for (benefit from) income taxes,-59.8,2026-02-27 10-K acc 0001628280-26-012940 acc 0001628280-26-012940 segment note
FY2023,reported_FY,Aerospace Products,Net income (loss) from continuing operations,180.177,2026-02-27 10-K acc 0001628280-26-012940 acc 0001628280-26-012940 segment note
FY2023,reported_FY,Aviation Leasing,Net income (loss) from continuing operations,291.603,2026-02-27 10-K acc 0001628280-26-012940 acc 0001628280-26-012940 segment note
FY2023,reported_FY,Corporate and Other,Net income (loss) from continuing operations,-227.963,2026-02-27 10-K acc 0001628280-26-012940 acc 0001628280-26-012940 segment note
FY2023,reported_FY,Total,Net income (loss) from continuing operations,243.817,2026-02-27 10-K acc 0001628280-26-012940 acc 0001628280-26-012940 segment note
FY2024,reported_FY,Aerospace Products,Aerospace products revenue,1079.821,2026-02-27 10-K acc 0001628280-26-012940 acc 0001628280-26-012940 segment note
FY2024,reported_FY,Aviation Leasing,Aerospace products revenue,0.0,2026-02-27 10-K acc 0001628280-26-012940 acc 0001628280-26-012940 segment note
FY2024,reported_FY,Corporate and Other,Aerospace products revenue,0.0,2026-02-27 10-K acc 0001628280-26-012940 acc 0001628280-26-012940 segment note
FY2024,reported_FY,Total,Aerospace products revenue,1079.821,2026-02-27 10-K acc 0001628280-26-012940 acc 0001628280-26-012940 segment note
FY2024,reported_FY,Aerospace Products,Lease income,0.0,2026-02-27 10-K acc 0001628280-26-012940 acc 0001628280-26-012940 segment note
FY2024,reported_FY,Aviation Leasing,Lease income,234.411,2026-02-27 10-K acc 0001628280-26-012940 acc 0001628280-26-012940 segment note
FY2024,reported_FY,Corporate and Other,Lease income,20.927,2026-02-27 10-K acc 0001628280-26-012940 acc 0001628280-26-012940 segment note
FY2024,reported_FY,Total,Lease income,255.338,2026-02-27 10-K acc 0001628280-26-012940 acc 0001628280-26-012940 segment note
FY2024,reported_FY,Aerospace Products,Maintenance revenue,0.0,2026-02-27 10-K acc 0001628280-26-012940 acc 0001628280-26-012940 segment note
FY2024,reported_FY,Aviation Leasing,Maintenance revenue,200.809,2026-02-27 10-K acc 0001628280-26-012940 acc 0001628280-26-012940 segment note
FY2024,reported_FY,Corporate and Other,Maintenance revenue,0.0,2026-02-27 10-K acc 0001628280-26-012940 acc 0001628280-26-012940 segment note
FY2024,reported_FY,Total,Maintenance revenue,200.809,2026-02-27 10-K acc 0001628280-26-012940 acc 0001628280-26-012940 segment note
FY2024,reported_FY,Aerospace Products,Asset sales revenue,0.0,2026-02-27 10-K acc 0001628280-26-012940 acc 0001628280-26-012940 segment note
FY2024,reported_FY,Aviation Leasing,Asset sales revenue,192.176,2026-02-27 10-K acc 0001628280-26-012940 acc 0001628280-26-012940 segment note
FY2024,reported_FY,Corporate and Other,Asset sales revenue,0.0,2026-02-27 10-K acc 0001628280-26-012940 acc 0001628280-26-012940 segment note
FY2024,reported_FY,Total,Asset sales revenue,192.176,2026-02-27 10-K acc 0001628280-26-012940 acc 0001628280-26-012940 segment note
FY2024,reported_FY,Aerospace Products,Other revenue,0.0,2026-02-27 10-K acc 0001628280-26-012940 acc 0001628280-26-012940 segment note
FY2024,reported_FY,Aviation Leasing,Other revenue,1.041,2026-02-27 10-K acc 0001628280-26-012940 acc 0001628280-26-012940 segment note
FY2024,reported_FY,Corporate and Other,Other revenue,5.716,2026-02-27 10-K acc 0001628280-26-012940 acc 0001628280-26-012940 segment note
FY2024,reported_FY,Total,Other revenue,6.757,2026-02-27 10-K acc 0001628280-26-012940 acc 0001628280-26-012940 segment note
FY2024,reported_FY,Aerospace Products,Total revenues,1079.821,2026-02-27 10-K acc 0001628280-26-012940 acc 0001628280-26-012940 segment note
FY2024,reported_FY,Aviation Leasing,Total revenues,628.437,2026-02-27 10-K acc 0001628280-26-012940 acc 0001628280-26-012940 segment note
FY2024,reported_FY,Corporate and Other,Total revenues,26.643,2026-02-27 10-K acc 0001628280-26-012940 acc 0001628280-26-012940 segment note
FY2024,reported_FY,Total,Total revenues,1734.901,2026-02-27 10-K acc 0001628280-26-012940 acc 0001628280-26-012940 segment note
FY2024,reported_FY,Aerospace Products,Cost of sales,673.907,2026-02-27 10-K acc 0001628280-26-012940 acc 0001628280-26-012940 segment note
FY2024,reported_FY,Aviation Leasing,Cost of sales,151.977,2026-02-27 10-K acc 0001628280-26-012940 acc 0001628280-26-012940 segment note
FY2024,reported_FY,Corporate and Other,Cost of sales,0.0,2026-02-27 10-K acc 0001628280-26-012940 acc 0001628280-26-012940 segment note
FY2024,reported_FY,Total,Cost of sales,825.884,2026-02-27 10-K acc 0001628280-26-012940 acc 0001628280-26-012940 segment note
FY2024,reported_FY,Aerospace Products,Operating expenses,23.818,2026-02-27 10-K acc 0001628280-26-012940 acc 0001628280-26-012940 segment note
FY2024,reported_FY,Aviation Leasing,Operating expenses,35.495,2026-02-27 10-K acc 0001628280-26-012940 acc 0001628280-26-012940 segment note
FY2024,reported_FY,Corporate and Other,Operating expenses,56.548,2026-02-27 10-K acc 0001628280-26-012940 acc 0001628280-26-012940 segment note
FY2024,reported_FY,Total,Operating expenses,115.861,2026-02-27 10-K acc 0001628280-26-012940 acc 0001628280-26-012940 segment note
FY2024,reported_FY,Aerospace Products,General and administrative,0.0,2026-02-27 10-K acc 0001628280-26-012940 acc 0001628280-26-012940 segment note
FY2024,reported_FY,Aviation Leasing,General and administrative,0.0,2026-02-27 10-K acc 0001628280-26-012940 acc 0001628280-26-012940 segment note
FY2024,reported_FY,Corporate and Other,General and administrative,14.263,2026-02-27 10-K acc 0001628280-26-012940 acc 0001628280-26-012940 segment note
FY2024,reported_FY,Total,General and administrative,14.263,2026-02-27 10-K acc 0001628280-26-012940 acc 0001628280-26-012940 segment note
FY2024,reported_FY,Aerospace Products,Acquisition and transaction expenses,4.906,2026-02-27 10-K acc 0001628280-26-012940 acc 0001628280-26-012940 segment note
FY2024,reported_FY,Aviation Leasing,Acquisition and transaction expenses,9.74,2026-02-27 10-K acc 0001628280-26-012940 acc 0001628280-26-012940 segment note
FY2024,reported_FY,Corporate and Other,Acquisition and transaction expenses,17.65,2026-02-27 10-K acc 0001628280-26-012940 acc 0001628280-26-012940 segment note
FY2024,reported_FY,Total,Acquisition and transaction expenses,32.296,2026-02-27 10-K acc 0001628280-26-012940 acc 0001628280-26-012940 segment note
FY2024,reported_FY,Aerospace Products,Management fees and incentive allocation to affiliate,0.0,2026-02-27 10-K acc 0001628280-26-012940 acc 0001628280-26-012940 segment note
FY2024,reported_FY,Aviation Leasing,Management fees and incentive allocation to affiliate,0.0,2026-02-27 10-K acc 0001628280-26-012940 acc 0001628280-26-012940 segment note
FY2024,reported_FY,Corporate and Other,Management fees and incentive allocation to affiliate,8.449,2026-02-27 10-K acc 0001628280-26-012940 acc 0001628280-26-012940 segment note
FY2024,reported_FY,Total,Management fees and incentive allocation to affiliate,8.449,2026-02-27 10-K acc 0001628280-26-012940 acc 0001628280-26-012940 segment note
FY2024,reported_FY,Aerospace Products,Internalization fee to affiliate,0.0,2026-02-27 10-K acc 0001628280-26-012940 acc 0001628280-26-012940 segment note
FY2024,reported_FY,Aviation Leasing,Internalization fee to affiliate,0.0,2026-02-27 10-K acc 0001628280-26-012940 acc 0001628280-26-012940 segment note
FY2024,reported_FY,Corporate and Other,Internalization fee to affiliate,300.0,2026-02-27 10-K acc 0001628280-26-012940 acc 0001628280-26-012940 segment note
FY2024,reported_FY,Total,Internalization fee to affiliate,300.0,2026-02-27 10-K acc 0001628280-26-012940 acc 0001628280-26-012940 segment note
FY2024,reported_FY,Aerospace Products,Depreciation and amortization,6.63,2026-02-27 10-K acc 0001628280-26-012940 acc 0001628280-26-012940 segment note
FY2024,reported_FY,Aviation Leasing,Depreciation and amortization,201.497,2026-02-27 10-K acc 0001628280-26-012940 acc 0001628280-26-012940 segment note
FY2024,reported_FY,Corporate and Other,Depreciation and amortization,9.937,2026-02-27 10-K acc 0001628280-26-012940 acc 0001628280-26-012940 segment note
FY2024,reported_FY,Total,Depreciation and amortization,218.064,2026-02-27 10-K acc 0001628280-26-012940 acc 0001628280-26-012940 segment note
FY2024,reported_FY,Aerospace Products,Asset impairment,0.0,2026-02-27 10-K acc 0001628280-26-012940 acc 0001628280-26-012940 segment note
FY2024,reported_FY,Aviation Leasing,Asset impairment,0.962,2026-02-27 10-K acc 0001628280-26-012940 acc 0001628280-26-012940 segment note
FY2024,reported_FY,Corporate and Other,Asset impairment,0.0,2026-02-27 10-K acc 0001628280-26-012940 acc 0001628280-26-012940 segment note
FY2024,reported_FY,Total,Asset impairment,0.962,2026-02-27 10-K acc 0001628280-26-012940 acc 0001628280-26-012940 segment note
FY2024,reported_FY,Aerospace Products,"Gain on sale of assets, net",0.0,2026-02-27 10-K acc 0001628280-26-012940 acc 0001628280-26-012940 segment note
FY2024,reported_FY,Aviation Leasing,"Gain on sale of assets, net",0.0,2026-02-27 10-K acc 0001628280-26-012940 acc 0001628280-26-012940 segment note
FY2024,reported_FY,Corporate and Other,"Gain on sale of assets, net",-18.705,2026-02-27 10-K acc 0001628280-26-012940 acc 0001628280-26-012940 segment note
FY2024,reported_FY,Total,"Gain on sale of assets, net",-18.705,2026-02-27 10-K acc 0001628280-26-012940 acc 0001628280-26-012940 segment note
FY2024,reported_FY,Aerospace Products,Total expenses,709.261,2026-02-27 10-K acc 0001628280-26-012940 acc 0001628280-26-012940 segment note
FY2024,reported_FY,Aviation Leasing,Total expenses,399.671,2026-02-27 10-K acc 0001628280-26-012940 acc 0001628280-26-012940 segment note
FY2024,reported_FY,Corporate and Other,Total expenses,388.142,2026-02-27 10-K acc 0001628280-26-012940 acc 0001628280-26-012940 segment note
FY2024,reported_FY,Total,Total expenses,1497.074,2026-02-27 10-K acc 0001628280-26-012940 acc 0001628280-26-012940 segment note
FY2024,reported_FY,Aerospace Products,Equity in losses of unconsolidated entities,-1.993,2026-02-27 10-K acc 0001628280-26-012940 acc 0001628280-26-012940 segment note
FY2024,reported_FY,Aviation Leasing,Equity in losses of unconsolidated entities,-0.207,2026-02-27 10-K acc 0001628280-26-012940 acc 0001628280-26-012940 segment note
FY2024,reported_FY,Corporate and Other,Equity in losses of unconsolidated entities,0.0,2026-02-27 10-K acc 0001628280-26-012940 acc 0001628280-26-012940 segment note
FY2024,reported_FY,Total,Equity in losses of unconsolidated entities,-2.2,2026-02-27 10-K acc 0001628280-26-012940 acc 0001628280-26-012940 segment note
FY2024,reported_FY,Aerospace Products,Interest expense,0.0,2026-02-27 10-K acc 0001628280-26-012940 acc 0001628280-26-012940 segment note
FY2024,reported_FY,Aviation Leasing,Interest expense,0.0,2026-02-27 10-K acc 0001628280-26-012940 acc 0001628280-26-012940 segment note
FY2024,reported_FY,Corporate and Other,Interest expense,221.721,2026-02-27 10-K acc 0001628280-26-012940 acc 0001628280-26-012940 segment note
FY2024,reported_FY,Total,Interest expense,221.721,2026-02-27 10-K acc 0001628280-26-012940 acc 0001628280-26-012940 segment note
FY2024,reported_FY,Aerospace Products,Loss on extinguishment of debt,0.0,2026-02-27 10-K acc 0001628280-26-012940 acc 0001628280-26-012940 segment note
FY2024,reported_FY,Aviation Leasing,Loss on extinguishment of debt,0.0,2026-02-27 10-K acc 0001628280-26-012940 acc 0001628280-26-012940 segment note
FY2024,reported_FY,Corporate and Other,Loss on extinguishment of debt,-17.101,2026-02-27 10-K acc 0001628280-26-012940 acc 0001628280-26-012940 segment note
FY2024,reported_FY,Total,Loss on extinguishment of debt,-17.101,2026-02-27 10-K acc 0001628280-26-012940 acc 0001628280-26-012940 segment note
FY2024,reported_FY,Aerospace Products,Other income,0.0,2026-02-27 10-K acc 0001628280-26-012940 acc 0001628280-26-012940 segment note
FY2024,reported_FY,Aviation Leasing,Other income,14.669,2026-02-27 10-K acc 0001628280-26-012940 acc 0001628280-26-012940 segment note
FY2024,reported_FY,Corporate and Other,Other income,2.695,2026-02-27 10-K acc 0001628280-26-012940 acc 0001628280-26-012940 segment note
FY2024,reported_FY,Total,Other income,17.364,2026-02-27 10-K acc 0001628280-26-012940 acc 0001628280-26-012940 segment note
FY2024,reported_FY,Aerospace Products,Total other income (expense),-1.993,2026-02-27 10-K acc 0001628280-26-012940 acc 0001628280-26-012940 segment note
FY2024,reported_FY,Aviation Leasing,Total other income (expense),14.462,2026-02-27 10-K acc 0001628280-26-012940 acc 0001628280-26-012940 segment note
FY2024,reported_FY,Corporate and Other,Total other income (expense),-236.127,2026-02-27 10-K acc 0001628280-26-012940 acc 0001628280-26-012940 segment note
FY2024,reported_FY,Total,Total other income (expense),-223.658,2026-02-27 10-K acc 0001628280-26-012940 acc 0001628280-26-012940 segment note
FY2024,reported_FY,Aerospace Products,Income (loss) from continuing operations before income taxes,368.567,2026-02-27 10-K acc 0001628280-26-012940 acc 0001628280-26-012940 segment note
FY2024,reported_FY,Aviation Leasing,Income (loss) from continuing operations before income taxes,243.228,2026-02-27 10-K acc 0001628280-26-012940 acc 0001628280-26-012940 segment note
FY2024,reported_FY,Corporate and Other,Income (loss) from continuing operations before income taxes,-597.626,2026-02-27 10-K acc 0001628280-26-012940 acc 0001628280-26-012940 segment note
FY2024,reported_FY,Total,Income (loss) from continuing operations before income taxes,14.169,2026-02-27 10-K acc 0001628280-26-012940 acc 0001628280-26-012940 segment note
FY2024,reported_FY,Aerospace Products,Net income (loss) from continuing operations,346.346,2026-02-27 10-K acc 0001628280-26-012940 acc 0001628280-26-012940 segment note
FY2024,reported_FY,Aviation Leasing,Net income (loss) from continuing operations,210.249,2026-02-27 10-K acc 0001628280-26-012940 acc 0001628280-26-012940 segment note
FY2024,reported_FY,Corporate and Other,Net income (loss) from continuing operations,-547.913,2026-02-27 10-K acc 0001628280-26-012940 acc 0001628280-26-012940 segment note
FY2024,reported_FY,Total,Net income (loss) from continuing operations,8.682,2026-02-27 10-K acc 0001628280-26-012940 acc 0001628280-26-012940 segment note
FY2025,reported_FY,Aerospace Products,Aerospace products revenue,1600.456,2026-02-27 10-K acc 0001628280-26-012940 acc 0001628280-26-012940 segment note
FY2025,reported_FY,Aviation Leasing,Aerospace products revenue,0.0,2026-02-27 10-K acc 0001628280-26-012940 acc 0001628280-26-012940 segment note
FY2025,reported_FY,Corporate and Other,Aerospace products revenue,0.0,2026-02-27 10-K acc 0001628280-26-012940 acc 0001628280-26-012940 segment note
FY2025,reported_FY,Eliminations,Aerospace products revenue,0.0,2026-02-27 10-K acc 0001628280-26-012940 acc 0001628280-26-012940 segment note
FY2025,reported_FY,Total,Aerospace products revenue,1600.456,2026-02-27 10-K acc 0001628280-26-012940 acc 0001628280-26-012940 segment note
FY2025,reported_FY,Aerospace Products,MRE Contract revenue,335.788,2026-02-27 10-K acc 0001628280-26-012940 acc 0001628280-26-012940 segment note
FY2025,reported_FY,Aviation Leasing,MRE Contract revenue,0.0,2026-02-27 10-K acc 0001628280-26-012940 acc 0001628280-26-012940 segment note
FY2025,reported_FY,Corporate and Other,MRE Contract revenue,0.0,2026-02-27 10-K acc 0001628280-26-012940 acc 0001628280-26-012940 segment note
FY2025,reported_FY,Eliminations,MRE Contract revenue,0.0,2026-02-27 10-K acc 0001628280-26-012940 acc 0001628280-26-012940 segment note
FY2025,reported_FY,Total,MRE Contract revenue,335.788,2026-02-27 10-K acc 0001628280-26-012940 acc 0001628280-26-012940 segment note
FY2025,reported_FY,Aerospace Products,Lease income,0.0,2026-02-27 10-K acc 0001628280-26-012940 acc 0001628280-26-012940 segment note
FY2025,reported_FY,Aviation Leasing,Lease income,235.21,2026-02-27 10-K acc 0001628280-26-012940 acc 0001628280-26-012940 segment note
FY2025,reported_FY,Corporate and Other,Lease income,0.0,2026-02-27 10-K acc 0001628280-26-012940 acc 0001628280-26-012940 segment note
FY2025,reported_FY,Eliminations,Lease income,0.0,2026-02-27 10-K acc 0001628280-26-012940 acc 0001628280-26-012940 segment note
FY2025,reported_FY,Total,Lease income,235.21,2026-02-27 10-K acc 0001628280-26-012940 acc 0001628280-26-012940 segment note
FY2025,reported_FY,Aerospace Products,Maintenance revenue,0.0,2026-02-27 10-K acc 0001628280-26-012940 acc 0001628280-26-012940 segment note
FY2025,reported_FY,Aviation Leasing,Maintenance revenue,218.499,2026-02-27 10-K acc 0001628280-26-012940 acc 0001628280-26-012940 segment note
FY2025,reported_FY,Corporate and Other,Maintenance revenue,0.0,2026-02-27 10-K acc 0001628280-26-012940 acc 0001628280-26-012940 segment note
FY2025,reported_FY,Eliminations,Maintenance revenue,0.0,2026-02-27 10-K acc 0001628280-26-012940 acc 0001628280-26-012940 segment note
FY2025,reported_FY,Total,Maintenance revenue,218.499,2026-02-27 10-K acc 0001628280-26-012940 acc 0001628280-26-012940 segment note
FY2025,reported_FY,Aerospace Products,Asset sales revenue,0.0,2026-02-27 10-K acc 0001628280-26-012940 acc 0001628280-26-012940 segment note
FY2025,reported_FY,Aviation Leasing,Asset sales revenue,106.945,2026-02-27 10-K acc 0001628280-26-012940 acc 0001628280-26-012940 segment note
FY2025,reported_FY,Corporate and Other,Asset sales revenue,0.0,2026-02-27 10-K acc 0001628280-26-012940 acc 0001628280-26-012940 segment note
FY2025,reported_FY,Eliminations,Asset sales revenue,0.0,2026-02-27 10-K acc 0001628280-26-012940 acc 0001628280-26-012940 segment note
FY2025,reported_FY,Total,Asset sales revenue,106.945,2026-02-27 10-K acc 0001628280-26-012940 acc 0001628280-26-012940 segment note
FY2025,reported_FY,Aerospace Products,Other revenue,0.0,2026-02-27 10-K acc 0001628280-26-012940 acc 0001628280-26-012940 segment note
FY2025,reported_FY,Aviation Leasing,Other revenue,10.507,2026-02-27 10-K acc 0001628280-26-012940 acc 0001628280-26-012940 segment note
FY2025,reported_FY,Corporate and Other,Other revenue,0.004,2026-02-27 10-K acc 0001628280-26-012940 acc 0001628280-26-012940 segment note
FY2025,reported_FY,Eliminations,Other revenue,0.0,2026-02-27 10-K acc 0001628280-26-012940 acc 0001628280-26-012940 segment note
FY2025,reported_FY,Total,Other revenue,10.511,2026-02-27 10-K acc 0001628280-26-012940 acc 0001628280-26-012940 segment note
FY2025,reported_FY,Aerospace Products,Total revenues,1936.244,2026-02-27 10-K acc 0001628280-26-012940 acc 0001628280-26-012940 segment note
FY2025,reported_FY,Aviation Leasing,Total revenues,571.161,2026-02-27 10-K acc 0001628280-26-012940 acc 0001628280-26-012940 segment note
FY2025,reported_FY,Corporate and Other,Total revenues,0.004,2026-02-27 10-K acc 0001628280-26-012940 acc 0001628280-26-012940 segment note
FY2025,reported_FY,Eliminations,Total revenues,0.0,2026-02-27 10-K acc 0001628280-26-012940 acc 0001628280-26-012940 segment note
FY2025,reported_FY,Total,Total revenues,2507.409,2026-02-27 10-K acc 0001628280-26-012940 acc 0001628280-26-012940 segment note
FY2025,reported_FY,Aerospace Products,Cost of sales,1240.368,2026-02-27 10-K acc 0001628280-26-012940 acc 0001628280-26-012940 segment note
FY2025,reported_FY,Aviation Leasing,Cost of sales,109.351,2026-02-27 10-K acc 0001628280-26-012940 acc 0001628280-26-012940 segment note
FY2025,reported_FY,Corporate and Other,Cost of sales,0.0,2026-02-27 10-K acc 0001628280-26-012940 acc 0001628280-26-012940 segment note
FY2025,reported_FY,Eliminations,Cost of sales,0.0,2026-02-27 10-K acc 0001628280-26-012940 acc 0001628280-26-012940 segment note
FY2025,reported_FY,Total,Cost of sales,1349.719,2026-02-27 10-K acc 0001628280-26-012940 acc 0001628280-26-012940 segment note
FY2025,reported_FY,Aerospace Products,Operating expenses,34.514,2026-02-27 10-K acc 0001628280-26-012940 acc 0001628280-26-012940 segment note
FY2025,reported_FY,Aviation Leasing,Operating expenses,37.307,2026-02-27 10-K acc 0001628280-26-012940 acc 0001628280-26-012940 segment note
FY2025,reported_FY,Corporate and Other,Operating expenses,80.72,2026-02-27 10-K acc 0001628280-26-012940 acc 0001628280-26-012940 segment note
FY2025,reported_FY,Eliminations,Operating expenses,0.0,2026-02-27 10-K acc 0001628280-26-012940 acc 0001628280-26-012940 segment note
FY2025,reported_FY,Total,Operating expenses,152.541,2026-02-27 10-K acc 0001628280-26-012940 acc 0001628280-26-012940 segment note
FY2025,reported_FY,Aerospace Products,General and administrative,0.0,2026-02-27 10-K acc 0001628280-26-012940 acc 0001628280-26-012940 segment note
FY2025,reported_FY,Aviation Leasing,General and administrative,0.0,2026-02-27 10-K acc 0001628280-26-012940 acc 0001628280-26-012940 segment note
FY2025,reported_FY,Corporate and Other,General and administrative,9.478,2026-02-27 10-K acc 0001628280-26-012940 acc 0001628280-26-012940 segment note
FY2025,reported_FY,Eliminations,General and administrative,0.0,2026-02-27 10-K acc 0001628280-26-012940 acc 0001628280-26-012940 segment note
FY2025,reported_FY,Total,General and administrative,9.478,2026-02-27 10-K acc 0001628280-26-012940 acc 0001628280-26-012940 segment note
FY2025,reported_FY,Aerospace Products,Acquisition and transaction expenses,3.198,2026-02-27 10-K acc 0001628280-26-012940 acc 0001628280-26-012940 segment note
FY2025,reported_FY,Aviation Leasing,Acquisition and transaction expenses,9.182,2026-02-27 10-K acc 0001628280-26-012940 acc 0001628280-26-012940 segment note
FY2025,reported_FY,Corporate and Other,Acquisition and transaction expenses,16.207,2026-02-27 10-K acc 0001628280-26-012940 acc 0001628280-26-012940 segment note
FY2025,reported_FY,Eliminations,Acquisition and transaction expenses,0.0,2026-02-27 10-K acc 0001628280-26-012940 acc 0001628280-26-012940 segment note
FY2025,reported_FY,Total,Acquisition and transaction expenses,28.587,2026-02-27 10-K acc 0001628280-26-012940 acc 0001628280-26-012940 segment note
FY2025,reported_FY,Aerospace Products,Depreciation and amortization,15.764,2026-02-27 10-K acc 0001628280-26-012940 acc 0001628280-26-012940 segment note
FY2025,reported_FY,Aviation Leasing,Depreciation and amortization,205.687,2026-02-27 10-K acc 0001628280-26-012940 acc 0001628280-26-012940 segment note
FY2025,reported_FY,Corporate and Other,Depreciation and amortization,4.346,2026-02-27 10-K acc 0001628280-26-012940 acc 0001628280-26-012940 segment note
FY2025,reported_FY,Eliminations,Depreciation and amortization,0.0,2026-02-27 10-K acc 0001628280-26-012940 acc 0001628280-26-012940 segment note
FY2025,reported_FY,Total,Depreciation and amortization,225.797,2026-02-27 10-K acc 0001628280-26-012940 acc 0001628280-26-012940 segment note
FY2025,reported_FY,Aerospace Products,Total expenses,1293.844,2026-02-27 10-K acc 0001628280-26-012940 acc 0001628280-26-012940 segment note
FY2025,reported_FY,Aviation Leasing,Total expenses,361.527,2026-02-27 10-K acc 0001628280-26-012940 acc 0001628280-26-012940 segment note
FY2025,reported_FY,Corporate and Other,Total expenses,110.751,2026-02-27 10-K acc 0001628280-26-012940 acc 0001628280-26-012940 segment note
FY2025,reported_FY,Eliminations,Total expenses,0.0,2026-02-27 10-K acc 0001628280-26-012940 acc 0001628280-26-012940 segment note
FY2025,reported_FY,Total,Total expenses,1766.122,2026-02-27 10-K acc 0001628280-26-012940 acc 0001628280-26-012940 segment note
FY2025,reported_FY,Aerospace Products,Interest expense,0.0,2026-02-27 10-K acc 0001628280-26-012940 acc 0001628280-26-012940 segment note
FY2025,reported_FY,Aviation Leasing,Interest expense,0.0,2026-02-27 10-K acc 0001628280-26-012940 acc 0001628280-26-012940 segment note
FY2025,reported_FY,Corporate and Other,Interest expense,247.751,2026-02-27 10-K acc 0001628280-26-012940 acc 0001628280-26-012940 segment note
FY2025,reported_FY,Eliminations,Interest expense,0.0,2026-02-27 10-K acc 0001628280-26-012940 acc 0001628280-26-012940 segment note
FY2025,reported_FY,Total,Interest expense,247.751,2026-02-27 10-K acc 0001628280-26-012940 acc 0001628280-26-012940 segment note
FY2025,reported_FY,Aerospace Products,Equity in earnings (losses) of unconsolidated entities,2.896,2026-02-27 10-K acc 0001628280-26-012940 acc 0001628280-26-012940 segment note
FY2025,reported_FY,Aviation Leasing,Equity in earnings (losses) of unconsolidated entities,13.115,2026-02-27 10-K acc 0001628280-26-012940 acc 0001628280-26-012940 segment note
FY2025,reported_FY,Corporate and Other,Equity in earnings (losses) of unconsolidated entities,0.0,2026-02-27 10-K acc 0001628280-26-012940 acc 0001628280-26-012940 segment note
FY2025,reported_FY,Eliminations,Equity in earnings (losses) of unconsolidated entities,-22.829,2026-02-27 10-K acc 0001628280-26-012940 acc 0001628280-26-012940 segment note
FY2025,reported_FY,Total,Equity in earnings (losses) of unconsolidated entities,-6.818,2026-02-27 10-K acc 0001628280-26-012940 acc 0001628280-26-012940 segment note
FY2025,reported_FY,Aerospace Products,Gain on sale to the 2025 Partnership,0.0,2026-02-27 10-K acc 0001628280-26-012940 acc 0001628280-26-012940 segment note
FY2025,reported_FY,Aviation Leasing,Gain on sale to the 2025 Partnership,46.38,2026-02-27 10-K acc 0001628280-26-012940 acc 0001628280-26-012940 segment note
FY2025,reported_FY,Corporate and Other,Gain on sale to the 2025 Partnership,0.0,2026-02-27 10-K acc 0001628280-26-012940 acc 0001628280-26-012940 segment note
FY2025,reported_FY,Eliminations,Gain on sale to the 2025 Partnership,0.0,2026-02-27 10-K acc 0001628280-26-012940 acc 0001628280-26-012940 segment note
FY2025,reported_FY,Total,Gain on sale to the 2025 Partnership,46.38,2026-02-27 10-K acc 0001628280-26-012940 acc 0001628280-26-012940 segment note
FY2025,reported_FY,Aerospace Products,Other income,5.441,2026-02-27 10-K acc 0001628280-26-012940 acc 0001628280-26-012940 segment note
FY2025,reported_FY,Aviation Leasing,Other income,64.455,2026-02-27 10-K acc 0001628280-26-012940 acc 0001628280-26-012940 segment note
FY2025,reported_FY,Corporate and Other,Other income,3.69,2026-02-27 10-K acc 0001628280-26-012940 acc 0001628280-26-012940 segment note
FY2025,reported_FY,Eliminations,Other income,0.0,2026-02-27 10-K acc 0001628280-26-012940 acc 0001628280-26-012940 segment note
FY2025,reported_FY,Total,Other income,73.586,2026-02-27 10-K acc 0001628280-26-012940 acc 0001628280-26-012940 segment note
FY2025,reported_FY,Aerospace Products,Total other income (expense),8.337,2026-02-27 10-K acc 0001628280-26-012940 acc 0001628280-26-012940 segment note
FY2025,reported_FY,Aviation Leasing,Total other income (expense),123.95,2026-02-27 10-K acc 0001628280-26-012940 acc 0001628280-26-012940 segment note
FY2025,reported_FY,Corporate and Other,Total other income (expense),-244.061,2026-02-27 10-K acc 0001628280-26-012940 acc 0001628280-26-012940 segment note
FY2025,reported_FY,Eliminations,Total other income (expense),-22.829,2026-02-27 10-K acc 0001628280-26-012940 acc 0001628280-26-012940 segment note
FY2025,reported_FY,Total,Total other income (expense),-134.603,2026-02-27 10-K acc 0001628280-26-012940 acc 0001628280-26-012940 segment note
FY2025,reported_FY,Aerospace Products,Income (loss) before income taxes,650.737,2026-02-27 10-K acc 0001628280-26-012940 acc 0001628280-26-012940 segment note
FY2025,reported_FY,Aviation Leasing,Income (loss) before income taxes,333.584,2026-02-27 10-K acc 0001628280-26-012940 acc 0001628280-26-012940 segment note
FY2025,reported_FY,Corporate and Other,Income (loss) before income taxes,-354.808,2026-02-27 10-K acc 0001628280-26-012940 acc 0001628280-26-012940 segment note
FY2025,reported_FY,Eliminations,Income (loss) before income taxes,-22.829,2026-02-27 10-K acc 0001628280-26-012940 acc 0001628280-26-012940 segment note
FY2025,reported_FY,Total,Income (loss) before income taxes,606.684,2026-02-27 10-K acc 0001628280-26-012940 acc 0001628280-26-012940 segment note
FY2025,reported_FY,Aerospace Products,Provision for (benefit from) income taxes,102.391,2026-02-27 10-K acc 0001628280-26-012940 acc 0001628280-26-012940 segment note
FY2025,reported_FY,Aviation Leasing,Provision for (benefit from) income taxes,62.232,2026-02-27 10-K acc 0001628280-26-012940 acc 0001628280-26-012940 segment note
FY2025,reported_FY,Corporate and Other,Provision for (benefit from) income taxes,-59.003,2026-02-27 10-K acc 0001628280-26-012940 acc 0001628280-26-012940 segment note
FY2025,reported_FY,Eliminations,Provision for (benefit from) income taxes,0.0,2026-02-27 10-K acc 0001628280-26-012940 acc 0001628280-26-012940 segment note
FY2025,reported_FY,Total,Provision for (benefit from) income taxes,105.62,2026-02-27 10-K acc 0001628280-26-012940 acc 0001628280-26-012940 segment note
FY2025,reported_FY,Aerospace Products,Net income (loss),548.346,2026-02-27 10-K acc 0001628280-26-012940 acc 0001628280-26-012940 segment note
FY2025,reported_FY,Aviation Leasing,Net income (loss),271.352,2026-02-27 10-K acc 0001628280-26-012940 acc 0001628280-26-012940 segment note
FY2025,reported_FY,Corporate and Other,Net income (loss),-295.805,2026-02-27 10-K acc 0001628280-26-012940 acc 0001628280-26-012940 segment note
FY2025,reported_FY,Eliminations,Net income (loss),-22.829,2026-02-27 10-K acc 0001628280-26-012940 acc 0001628280-26-012940 segment note
FY2025,reported_FY,Total,Net income (loss),501.064,2026-02-27 10-K acc 0001628280-26-012940 acc 0001628280-26-012940 segment note
Q1-2023,reported (Q4 and FY columns as stated in Q4 release 3M/12M columns),Total,Net income attributable to shareholders,22.606,8-K Ex99.1 earnings release dated 2023-04-26 (EDGAR CIK 1590364); EPS for Q1-Q3 2023 from 2024 release comparatives / 10-Q EPS note
Q1-2023,reported (Q4 and FY columns as stated in Q4 release 3M/12M columns),Total,Diluted EPS ($),0.22,8-K Ex99.1 earnings release dated 2023-04-26 (EDGAR CIK 1590364); EPS for Q1-Q3 2023 from 2024 release comparatives / 10-Q EPS note
Q1-2023,reported (Q4 and FY columns as stated in Q4 release 3M/12M columns),Total,Diluted weighted shares (M),100.9741,8-K Ex99.1 earnings release dated 2023-04-26 (EDGAR CIK 1590364); EPS for Q1-Q3 2023 from 2024 release comparatives / 10-Q EPS note
Q2-2023,reported (Q4 and FY columns as stated in Q4 release 3M/12M columns),Total,Net income attributable to shareholders,46.418,8-K Ex99.1 earnings release dated 2023-07-26 (EDGAR CIK 1590364); EPS for Q1-Q3 2023 from 2024 release comparatives / 10-Q EPS note
Q2-2023,reported (Q4 and FY columns as stated in Q4 release 3M/12M columns),Total,Diluted EPS ($),0.46,8-K Ex99.1 earnings release dated 2023-07-26 (EDGAR CIK 1590364); EPS for Q1-Q3 2023 from 2024 release comparatives / 10-Q EPS note
Q2-2023,reported (Q4 and FY columns as stated in Q4 release 3M/12M columns),Total,Diluted weighted shares (M),100.462277,8-K Ex99.1 earnings release dated 2023-07-26 (EDGAR CIK 1590364); EPS for Q1-Q3 2023 from 2024 release comparatives / 10-Q EPS note
Q3-2023,reported (Q4 and FY columns as stated in Q4 release 3M/12M columns),Total,Net income attributable to shareholders,32.973,8-K Ex99.1 earnings release dated 2023-10-25 (EDGAR CIK 1590364); EPS for Q1-Q3 2023 from 2024 release comparatives / 10-Q EPS note
Q3-2023,reported (Q4 and FY columns as stated in Q4 release 3M/12M columns),Total,Diluted EPS ($),0.33,8-K Ex99.1 earnings release dated 2023-10-25 (EDGAR CIK 1590364); EPS for Q1-Q3 2023 from 2024 release comparatives / 10-Q EPS note
Q3-2023,reported (Q4 and FY columns as stated in Q4 release 3M/12M columns),Total,Diluted weighted shares (M),100.482309,8-K Ex99.1 earnings release dated 2023-10-25 (EDGAR CIK 1590364); EPS for Q1-Q3 2023 from 2024 release comparatives / 10-Q EPS note
Q4-2023,reported (Q4 and FY columns as stated in Q4 release 3M/12M columns),Total,Net income attributable to shareholders,110.025,8-K Ex99.1 earnings release dated 2024-02-22 (EDGAR CIK 1590364); EPS for Q1-Q3 2023 from 2024 release comparatives / 10-Q EPS note
Q4-2023,reported (Q4 and FY columns as stated in Q4 release 3M/12M columns),Total,Diluted EPS ($),1.09,8-K Ex99.1 earnings release dated 2024-02-22 (EDGAR CIK 1590364); EPS for Q1-Q3 2023 from 2024 release comparatives / 10-Q EPS note
Q4-2023,reported (Q4 and FY columns as stated in Q4 release 3M/12M columns),Total,Diluted weighted shares (M),100.853151,8-K Ex99.1 earnings release dated 2024-02-22 (EDGAR CIK 1590364); EPS for Q1-Q3 2023 from 2024 release comparatives / 10-Q EPS note
FY2023,reported (Q4 and FY columns as stated in Q4 release 3M/12M columns),Total,Net income attributable to shareholders,212.022,8-K Ex99.1 earnings release dated 2024-02-22 (EDGAR CIK 1590364); EPS for Q1-Q3 2023 from 2024 release comparatives / 10-Q EPS note
FY2023,reported (Q4 and FY columns as stated in Q4 release 3M/12M columns),Total,Diluted EPS ($),2.11,8-K Ex99.1 earnings release dated 2024-02-22 (EDGAR CIK 1590364); EPS for Q1-Q3 2023 from 2024 release comparatives / 10-Q EPS note
FY2023,reported (Q4 and FY columns as stated in Q4 release 3M/12M columns),Total,Diluted weighted shares (M),100.425777,8-K Ex99.1 earnings release dated 2024-02-22 (EDGAR CIK 1590364); EPS for Q1-Q3 2023 from 2024 release comparatives / 10-Q EPS note
Q1-2024,reported (Q4 and FY columns as stated in Q4 release 3M/12M columns),Total,Net income attributable to shareholders,31.287,8-K Ex99.1 earnings release dated 2024-04-25 (EDGAR CIK 1590364); EPS for Q1-Q3 2023 from 2024 release comparatives / 10-Q EPS note
Q1-2024,reported (Q4 and FY columns as stated in Q4 release 3M/12M columns),Total,Diluted EPS ($),0.31,8-K Ex99.1 earnings release dated 2024-04-25 (EDGAR CIK 1590364); EPS for Q1-Q3 2023 from 2024 release comparatives / 10-Q EPS note
Q1-2024,reported (Q4 and FY columns as stated in Q4 release 3M/12M columns),Total,Diluted weighted shares (M),100.960065,8-K Ex99.1 earnings release dated 2024-04-25 (EDGAR CIK 1590364); EPS for Q1-Q3 2023 from 2024 release comparatives / 10-Q EPS note
Q2-2024,reported (Q4 and FY columns as stated in Q4 release 3M/12M columns),Total,Net income attributable to shareholders,-228.205,8-K Ex99.1 earnings release dated 2024-07-24 / 2025-07-30 comps (EDGAR CIK 1590364); EPS for Q1-Q3 2023 from 2024 release comparatives / 10-Q EPS note
Q2-2024,reported (Q4 and FY columns as stated in Q4 release 3M/12M columns),Total,Diluted EPS ($),-2.26,8-K Ex99.1 earnings release dated 2024-07-24 / 2025-07-30 comps (EDGAR CIK 1590364); EPS for Q1-Q3 2023 from 2024 release comparatives / 10-Q EPS note
Q2-2024,reported (Q4 and FY columns as stated in Q4 release 3M/12M columns),Total,Diluted weighted shares (M),100.958524,8-K Ex99.1 earnings release dated 2024-07-24 / 2025-07-30 comps (EDGAR CIK 1590364); EPS for Q1-Q3 2023 from 2024 release comparatives / 10-Q EPS note
Q3-2024,reported (Q4 and FY columns as stated in Q4 release 3M/12M columns),Total,Net income attributable to shareholders,78.147,8-K Ex99.1 earnings release dated 2024-10-30 (EDGAR CIK 1590364); EPS for Q1-Q3 2023 from 2024 release comparatives / 10-Q EPS note
Q3-2024,reported (Q4 and FY columns as stated in Q4 release 3M/12M columns),Total,Diluted EPS ($),0.76,8-K Ex99.1 earnings release dated 2024-10-30 (EDGAR CIK 1590364); EPS for Q1-Q3 2023 from 2024 release comparatives / 10-Q EPS note
Q3-2024,reported (Q4 and FY columns as stated in Q4 release 3M/12M columns),Total,Diluted weighted shares (M),103.395348,8-K Ex99.1 earnings release dated 2024-10-30 (EDGAR CIK 1590364); EPS for Q1-Q3 2023 from 2024 release comparatives / 10-Q EPS note
Q4-2024,reported (Q4 and FY columns as stated in Q4 release 3M/12M columns),Total,Net income attributable to shareholders,86.692,8-K Ex99.1 earnings release dated 2025-02-26 (EDGAR CIK 1590364); EPS for Q1-Q3 2023 from 2024 release comparatives / 10-Q EPS note
Q4-2024,reported (Q4 and FY columns as stated in Q4 release 3M/12M columns),Total,Diluted EPS ($),0.84,8-K Ex99.1 earnings release dated 2025-02-26 (EDGAR CIK 1590364); EPS for Q1-Q3 2023 from 2024 release comparatives / 10-Q EPS note
Q4-2024,reported (Q4 and FY columns as stated in Q4 release 3M/12M columns),Total,Diluted weighted shares (M),103.60335,8-K Ex99.1 earnings release dated 2025-02-26 (EDGAR CIK 1590364); EPS for Q1-Q3 2023 from 2024 release comparatives / 10-Q EPS note
FY2024,reported (Q4 and FY columns as stated in Q4 release 3M/12M columns),Total,Net income attributable to shareholders,-32.079,8-K Ex99.1 earnings release dated 2025-02-26 (EDGAR CIK 1590364); EPS for Q1-Q3 2023 from 2024 release comparatives / 10-Q EPS note
FY2024,reported (Q4 and FY columns as stated in Q4 release 3M/12M columns),Total,Diluted EPS ($),-0.32,8-K Ex99.1 earnings release dated 2025-02-26 (EDGAR CIK 1590364); EPS for Q1-Q3 2023 from 2024 release comparatives / 10-Q EPS note
FY2024,reported (Q4 and FY columns as stated in Q4 release 3M/12M columns),Total,Diluted weighted shares (M),101.538835,8-K Ex99.1 earnings release dated 2025-02-26 (EDGAR CIK 1590364); EPS for Q1-Q3 2023 from 2024 release comparatives / 10-Q EPS note
Q1-2025,reported (Q4 and FY columns as stated in Q4 release 3M/12M columns),Total,Net income attributable to shareholders,89.944,8-K Ex99.1 earnings release dated 2025-04-30 (EDGAR CIK 1590364); EPS for Q1-Q3 2023 from 2024 release comparatives / 10-Q EPS note
Q1-2025,reported (Q4 and FY columns as stated in Q4 release 3M/12M columns),Total,Diluted EPS ($),0.87,8-K Ex99.1 earnings release dated 2025-04-30 (EDGAR CIK 1590364); EPS for Q1-Q3 2023 from 2024 release comparatives / 10-Q EPS note
Q1-2025,reported (Q4 and FY columns as stated in Q4 release 3M/12M columns),Total,Diluted weighted shares (M),103.159051,8-K Ex99.1 earnings release dated 2025-04-30 (EDGAR CIK 1590364); EPS for Q1-Q3 2023 from 2024 release comparatives / 10-Q EPS note
Q2-2025,reported (Q4 and FY columns as stated in Q4 release 3M/12M columns),Total,Net income attributable to shareholders,161.689,8-K Ex99.1 earnings release dated 2025-07-30 (EDGAR CIK 1590364); EPS for Q1-Q3 2023 from 2024 release comparatives / 10-Q EPS note
Q2-2025,reported (Q4 and FY columns as stated in Q4 release 3M/12M columns),Total,Diluted EPS ($),1.57,8-K Ex99.1 earnings release dated 2025-07-30 (EDGAR CIK 1590364); EPS for Q1-Q3 2023 from 2024 release comparatives / 10-Q EPS note
Q2-2025,reported (Q4 and FY columns as stated in Q4 release 3M/12M columns),Total,Diluted weighted shares (M),103.14786,8-K Ex99.1 earnings release dated 2025-07-30 (EDGAR CIK 1590364); EPS for Q1-Q3 2023 from 2024 release comparatives / 10-Q EPS note
Q3-2025,reported (Q4 and FY columns as stated in Q4 release 3M/12M columns),Total,Net income attributable to shareholders,114.009,8-K Ex99.1 earnings release dated 2025-10-29 (EDGAR CIK 1590364); EPS for Q1-Q3 2023 from 2024 release comparatives / 10-Q EPS note
Q3-2025,reported (Q4 and FY columns as stated in Q4 release 3M/12M columns),Total,Diluted EPS ($),1.1,8-K Ex99.1 earnings release dated 2025-10-29 (EDGAR CIK 1590364); EPS for Q1-Q3 2023 from 2024 release comparatives / 10-Q EPS note
Q3-2025,reported (Q4 and FY columns as stated in Q4 release 3M/12M columns),Total,Diluted weighted shares (M),103.96665,8-K Ex99.1 earnings release dated 2025-10-29 (EDGAR CIK 1590364); EPS for Q1-Q3 2023 from 2024 release comparatives / 10-Q EPS note
Q4-2025,reported (Q4 and FY columns as stated in Q4 release 3M/12M columns),Total,Net income attributable to shareholders,111.852,8-K Ex99.1 earnings release dated 2026-02-25 (EDGAR CIK 1590364); EPS for Q1-Q3 2023 from 2024 release comparatives / 10-Q EPS note
Q4-2025,reported (Q4 and FY columns as stated in Q4 release 3M/12M columns),Total,Diluted EPS ($),1.08,8-K Ex99.1 earnings release dated 2026-02-25 (EDGAR CIK 1590364); EPS for Q1-Q3 2023 from 2024 release comparatives / 10-Q EPS note
Q4-2025,reported (Q4 and FY columns as stated in Q4 release 3M/12M columns),Total,Diluted weighted shares (M),103.86494,8-K Ex99.1 earnings release dated 2026-02-25 (EDGAR CIK 1590364); EPS for Q1-Q3 2023 from 2024 release comparatives / 10-Q EPS note
FY2025,reported (Q4 and FY columns as stated in Q4 release 3M/12M columns),Total,Net income attributable to shareholders,477.494,8-K Ex99.1 earnings release dated 2026-02-25 (EDGAR CIK 1590364); EPS for Q1-Q3 2023 from 2024 release comparatives / 10-Q EPS note
FY2025,reported (Q4 and FY columns as stated in Q4 release 3M/12M columns),Total,Diluted EPS ($),4.6,8-K Ex99.1 earnings release dated 2026-02-25 (EDGAR CIK 1590364); EPS for Q1-Q3 2023 from 2024 release comparatives / 10-Q EPS note
FY2025,reported (Q4 and FY columns as stated in Q4 release 3M/12M columns),Total,Diluted weighted shares (M),103.846914,8-K Ex99.1 earnings release dated 2026-02-25 (EDGAR CIK 1590364); EPS for Q1-Q3 2023 from 2024 release comparatives / 10-Q EPS note
Q1-2026,reported (Q4 and FY columns as stated in Q4 release 3M/12M columns),Total,Net income attributable to shareholders,134.19,8-K Ex99.1 earnings release dated 2026-04-29 (EDGAR CIK 1590364); EPS for Q1-Q3 2023 from 2024 release comparatives / 10-Q EPS note
Q1-2026,reported (Q4 and FY columns as stated in Q4 release 3M/12M columns),Total,Diluted EPS ($),1.29,8-K Ex99.1 earnings release dated 2026-04-29 (EDGAR CIK 1590364); EPS for Q1-Q3 2023 from 2024 release comparatives / 10-Q EPS note
Q1-2026,reported (Q4 and FY columns as stated in Q4 release 3M/12M columns),Total,Diluted weighted shares (M),104.255902,8-K Ex99.1 earnings release dated 2026-04-29 (EDGAR CIK 1590364); EPS for Q1-Q3 2023 from 2024 release comparatives / 10-Q EPS note
Q2-2026,reported (Q4 and FY columns as stated in Q4 release 3M/12M columns),Total,Net income attributable to shareholders,117.585,8-K Ex99.1 earnings release dated 2026-07-29 (EDGAR CIK 1590364); EPS for Q1-Q3 2023 from 2024 release comparatives / 10-Q EPS note
Q2-2026,reported (Q4 and FY columns as stated in Q4 release 3M/12M columns),Total,Diluted EPS ($),1.13,8-K Ex99.1 earnings release dated 2026-07-29 (EDGAR CIK 1590364); EPS for Q1-Q3 2023 from 2024 release comparatives / 10-Q EPS note
Q2-2026,reported (Q4 and FY columns as stated in Q4 release 3M/12M columns),Total,Diluted weighted shares (M),104.044113,8-K Ex99.1 earnings release dated 2026-07-29 (EDGAR CIK 1590364); EPS for Q1-Q3 2023 from 2024 release comparatives / 10-Q EPS note
